-- MySQL dump 10.13  Distrib 8.0.25, for macos10.15 (x86_64)
--
-- Host: 127.0.0.1    Database: laravel
-- ------------------------------------------------------
-- Server version	8.0.32

/*!40101 SET @OLD_CHARACTER_SET_CLIENT=@@CHARACTER_SET_CLIENT */;
/*!40101 SET @OLD_CHARACTER_SET_RESULTS=@@CHARACTER_SET_RESULTS */;
/*!40101 SET @OLD_COLLATION_CONNECTION=@@COLLATION_CONNECTION */;
/*!50503 SET NAMES utf8mb4 */;
/*!40103 SET @OLD_TIME_ZONE=@@TIME_ZONE */;
/*!40103 SET TIME_ZONE='+00:00' */;
/*!40014 SET @OLD_UNIQUE_CHECKS=@@UNIQUE_CHECKS, UNIQUE_CHECKS=0 */;
/*!40014 SET @OLD_FOREIGN_KEY_CHECKS=@@FOREIGN_KEY_CHECKS, FOREIGN_KEY_CHECKS=0 */;
/*!40101 SET @OLD_SQL_MODE=@@SQL_MODE, SQL_MODE='NO_AUTO_VALUE_ON_ZERO' */;
/*!40111 SET @OLD_SQL_NOTES=@@SQL_NOTES, SQL_NOTES=0 */;

--
-- Table structure for table `cities`
--

DROP TABLE IF EXISTS `cities`;
/*!40101 SET @saved_cs_client     = @@character_set_client */;
/*!50503 SET character_set_client = utf8mb4 */;
CREATE TABLE `cities` (
  `id` int NOT NULL AUTO_INCREMENT,
  `name_en` varchar(45) DEFAULT NULL,
  PRIMARY KEY (`id`)
) ENGINE=InnoDB AUTO_INCREMENT=341 DEFAULT CHARSET=utf8mb3;
/*!40101 SET character_set_client = @saved_cs_client */;

--
-- Dumping data for table `cities`
--

LOCK TABLES `cities` WRITE;
/*!40000 ALTER TABLE `cities` DISABLE KEYS */;
INSERT INTO `cities` VALUES (1,'Colombo MC'),(2,'Dehiwala Mt.Lavinia MC'),(3,'Homagama PS'),(4,'Kaduwela MC'),(5,'Kesbewa UC'),(6,'Boralesgamuwa UC'),(7,'Kotikawatta PS'),(8,'Kolonnawa UC'),(9,'Maharagama UC'),(10,'Moratuwa MC'),(11,'Seethawaka PS'),(12,'Seethawakapura UC'),(13,'Sri Jayawardenepura Kotte MC'),(14,'Attanagalla PS'),(15,'Biyagama PS'),(16,'Divulapitiya PS'),(17,'Dompe PS'),(18,'Gampaha PS'),(19,'Gampaha MC'),(20,'Ja-Ela PS'),(21,'Ja-Ela UC'),(22,'Katana PS'),(23,'Katunayaka-Seeduwa UC'),(24,'Kelaniya PS'),(25,'Peliyagoda UC'),(26,'Mahara PS'),(27,'Minuwangoda UC'),(28,'Minuwangoda PS'),(29,'Mirigama PS'),(30,'Negombo MC'),(31,'Wattala PS'),(32,'Wattala-Mabola UC'),(33,'Agalawatta PS'),(34,'Bandaragama PS'),(35,'Beruwala PS'),(36,'Beruwala UC'),(37,'Bulathsinhala PS'),(38,'Dodangoda PS'),(39,'Horana PS'),(40,'Horana UC'),(41,'Kalutara UC'),(42,'Kalutara PS'),(43,'Madurawala PS'),(44,'Matugama PS'),(45,'Millaniya PS'),(46,'Palindanuwara PS'),(47,'Panadura PS'),(48,'Panadura UC'),(49,'Walallawita PS'),(50,'Akurana PS'),(51,'Pathahewaheta PS'),(52,'Udapalatha PS'),(53,'Ganga Ihala Korale PS'),(54,'Harispattuwa PS'),(55,'Kandy MC'),(56,'Thumpane PS'),(57,'Kandy Four Gravets & Gangawata Korale PS'),(58,'Kundasale PS'),(59,'Medadumbara PS'),(60,'Minipe PS'),(61,'Panvila PS'),(62,'Pasbage Korale PS'),(63,'Nawalapitiya UC'),(64,'Pathadumbara PS'),(65,'Wattegama UC'),(66,'Pujapitiya PS'),(67,'Udadumbara PS'),(68,'Gampola UC'),(69,'Udunuwara PS'),(70,'Yatinuwara PS'),(71,'Kadugannawa UC'),(72,'Ambanganga Korale PS'),(73,'Dambulla PS'),(74,'Dambulla MC'),(75,'Galewela PS'),(76,'Laggala-Pallegama PS'),(77,'Matale PS'),(78,'Matale MC'),(79,'Naula PS'),(80,'Pallepola PS'),(81,'Rattota PS'),(82,'Ukuwela PS'),(83,'Wilgamuwa PS'),(84,'Yatawatta PS'),(85,'Ambagamuwa PS'),(86,'Hatton - Dickoya UC'),(87,'Hanguranketha PS'),(88,'Kothmale PS'),(89,'Nuwara Eliya PS'),(90,'Nuwara Eliya MC'),(91,'Thalawakele-Lindula UC'),(92,'Walapone PS'),(93,'Akmeemana PS'),(94,'Ambalangoda PS'),(95,'Ambalangoda MC'),(96,'Baddegama PS'),(97,'Balapitiya PS'),(98,'Bentota PS'),(99,'Bope-Poddala PS'),(100,'Elpitiya PS'),(101,'Galle MC'),(102,'Habaraduwa PS'),(103,'Rathgama PS'),(104,'Hikkaduwa UC'),(105,'Imaduwa PS'),(106,'Karandeniya PS'),(107,'Nagoda PS'),(108,'Neluwa PS'),(109,'Niyagama PS'),(110,'Thawalama PS'),(111,'Welivitiya-Divithura PS'),(112,'Yakkalamulla PS'),(113,'Akuressa PS'),(114,'Athuraliya PS'),(115,'Devinuwara PS'),(116,'Dickwella PS'),(117,'Hakmana PS'),(118,'Kamburupitiya PS'),(119,'Kirinda Puhulwella PS'),(120,'Kotapola PS'),(121,'Malimbada PS'),(122,'Matara PS'),(123,'Matara MC'),(124,'Mulatiyana PS'),(125,'Pasgoda PS'),(126,'Pitabeddara PS'),(127,'Thihagoda PS'),(128,'Weligama UC'),(129,'Weligama PS'),(130,'Ambalantota PS'),(131,'Angunakolapelessa PS'),(132,'Beliatta PS'),(133,'Katuwana PS'),(134,'Weeraketiya PS'),(135,'Tangalla PS'),(136,'Tangalla UC'),(137,'Hambantota PS'),(138,'Hambantota MC'),(139,'Lunugamvehera PS'),(140,'Sooriyawewa PS'),(141,'Tissamaharama PS'),(142,'Delft PS'),(143,'Kayts PS'),(144,'Velanai PS'),(145,'Jaffna MC'),(146,'Karainagar PS'),(147,'Nallur PS'),(148,'Chavakachcheri PS'),(149,'Chavakachcheri UC'),(150,'Point Pedro PS'),(151,'Valvettithurai UC'),(152,'Point Pedro UC'),(153,'Vadamaradchy South-West PS'),(154,'Valikamam East PS'),(155,'Valikamam North PS'),(156,'Valikamam South-West PS'),(157,'Valikamam South PS'),(158,'Valikamam West PS'),(159,'Manthai West PS'),(160,'Nanattan PS'),(161,'Mannar UC'),(162,'Mannar PS'),(163,'Musali PS'),(164,'Vavuniya South (Tamil) PS'),(165,'Vavuniya UC'),(166,'Vavuniya North PS'),(167,'Vavuniya South (Sinhala) PS'),(168,'Vengalacheddikulam PS'),(169,'Manthai East PS'),(170,'Maritimepattu PS'),(171,'Puthukudiyiruppu PS'),(172,'Thunukkai PS'),(173,'Vavuniya North PS'),(174,'Karachchi PS'),(175,'Pachchilaipalli PS'),(176,'Poonakary PS'),(177,'Eravur Pattu PS'),(178,'Eravur UC'),(179,'Kattankudy UC'),(180,'Koralai Pattu West PS'),(181,'Koralai Pattu PS'),(182,'Koralai Pattu North PS'),(183,'Batticaloa MC'),(184,'Manmunai Pattu PS'),(185,'Manmunai South-West PS'),(186,'Manmunai South & Eruvil pattu PS'),(187,'Manmunai West PS'),(188,'Poratheevu Pattu PS'),(189,'Addalachchenai PS'),(190,'Akkaraipattu MC'),(191,'Akkaraipattu PS'),(192,'Alayadiwembu PS'),(193,'Namaloya PS'),(194,'Ampara UC'),(195,'Damana PS'),(196,'Dehiattakandiya PS'),(197,'Irakkamam PS'),(198,'Kalmunai MC'),(199,'Karaitheevu PS'),(200,'Lahugala PS'),(201,'Mahaoya PS'),(202,'Navithanveli PS'),(203,'Ninthavur PS'),(204,'Padiyathalawa PS'),(205,'Pottuvil PS'),(206,'Sammanthurai PS'),(207,'Thirukkovil PS'),(208,'Uhana PS'),(209,'Gomarankadawala PS'),(210,'Kanthalai PS'),(211,'Kinniya UC'),(212,'Kinniya PS'),(213,'Kuchchaveli PS'),(214,'Morawewa PS'),(215,'Muttur PS'),(216,'Padavi Sri Pura PS'),(217,'Seruvila PS'),(218,'Thambalagamuwa PS'),(219,'Trincomalee UC'),(220,'Trincomalee Town and Gravets PS'),(221,'Verugal PS'),(222,'Giribawa PS'),(223,'Galgamuwa PS'),(224,'Nikaweratiya PS'),(225,'Narammala PS'),(226,'Ibbagamuwa PS'),(227,'Bingiriya PS'),(228,'Paduwasnuwara PS'),(229,'Kobeigane PS'),(230,'Polgahawela PS'),(231,'Kurunegala PS'),(232,'Maho PS'),(233,'Rideegama PS'),(234,'Mawathagama PS'),(235,'Pannala PS'),(236,'Wariyapola PS'),(237,'Polpithigama PS'),(238,'Kurunegala MC'),(239,'Udubaddawa PS'),(240,'Kuliyapitiya PS'),(241,'Kuliyapitiya UC'),(242,'Alawwa PS'),(243,'Anamaduwa PS'),(244,'Arachchikattuwa PS'),(245,'Chilaw UC'),(246,'Chilaw PS'),(247,'Wennappuwa PS'),(248,'Kalpitiya PS'),(249,'Karuwalagaswewa PS'),(250,'Nattandiya PS'),(251,'Puttalam PS'),(252,'Nawagattegama PS'),(253,'Puttalam UC'),(254,'Wanathavilluwa PS'),(255,'Galenbindunuwewa PS'),(256,'Galnewa PS'),(257,'Horowpothana PS'),(258,'Ipalogama PS'),(259,'Kahatagasdigiliya PS'),(260,'Kebithigollewa PS'),(261,'Kekirawa PS'),(262,'Nuwaragam Palatha Central PS'),(263,'Medawachchiya PS'),(264,'Mihinthale PS'),(265,'Anuradhapura MC'),(266,'Nuwaragam Palatha East PS'),(267,'Thirappane PS'),(268,'Nochchiyagama PS'),(269,'Padaviya PS'),(270,'Palagala PS'),(271,'Rajanganaya PS'),(272,'Rambewa PS'),(273,'Thalawa PS'),(274,'Dimbulagala PS'),(275,'Elahera PS'),(276,'Hingurakgoda PS'),(277,'Lankapura PS'),(278,'Medirigiriya PS'),(279,'Thamankaduwa PS'),(280,'Welikanda PS'),(281,'Badulla PS'),(282,'Badulla MC'),(283,'Bandarawela PS'),(284,'Bandarawela MC'),(285,'Ella PS'),(286,'Haldummulla PS'),(287,'Hali-Ela PS'),(288,'Haputale PS'),(289,'Haputale UC'),(290,'Kandaketiya PS'),(291,'Lunugala PS'),(292,'Mahiyanganaya PS'),(293,'Meegahakivula PS'),(294,'Passara PS'),(295,'Rideemaliyadda PS'),(296,'Soranathota PS'),(297,'Uva Paranagama PS'),(298,'Welimada PS'),(299,'Badalkumbura PS'),(300,'Bibile PS'),(301,'Buttala PS'),(302,'Katharagama PS'),(303,'Madulla PS'),(304,'Medagama PS'),(305,'Moneragala PS'),(306,'Thanamalvila PS'),(307,'Siyambalanduwa PS'),(308,'Wellawaya PS'),(309,'Ayagama PS'),(310,'Balangoda PS'),(311,'Balangoda UC'),(312,'Eheliyagoda PS'),(313,'Nivithigala PS'),(314,'Embilipitiya PS'),(315,'Embilipitiya UC'),(316,'Godakawela PS'),(317,'Imbulpe PS'),(318,'Kahawatta PS'),(319,'Kalawana PS'),(320,'Kuruvita PS'),(321,'Kolonna PS'),(322,'Weligepola PS'),(323,'Pelmadulla PS'),(324,'Pelmadulla MC'),(325,'Ratnapura PS'),(326,'Ratnapura MC'),(327,'Warakapola PS'),(328,'Aranayaka PS'),(329,'Bulathkohupitiya PS'),(330,'Dehiovita PS'),(331,'Yatiyanthota PS'),(332,'Deraniyagala PS'),(333,'Galigamuwa PS'),(334,'Rambukkana PS'),(335,'Kegalle PS'),(336,'Mawanella PS'),(337,'Kegalle UC'),(338,'Ruwanwella PS'),(339,'National - multiple locations'),(340,'None');
/*!40000 ALTER TABLE `cities` ENABLE KEYS */;
UNLOCK TABLES;

--
-- Table structure for table `classifieds`
--

DROP TABLE IF EXISTS `classifieds`;
/*!40101 SET @saved_cs_client     = @@character_set_client */;
/*!50503 SET character_set_client = utf8mb4 */;
CREATE TABLE `classifieds` (
  `id` bigint unsigned NOT NULL AUTO_INCREMENT,
  `user_id` bigint unsigned NOT NULL,
  `type` tinyint NOT NULL DEFAULT '1',
  `title` varchar(300) COLLATE utf8mb4_unicode_ci NOT NULL,
  `slug` text COLLATE utf8mb4_unicode_ci NOT NULL,
  `description` text COLLATE utf8mb4_unicode_ci,
  `weblink` text COLLATE utf8mb4_unicode_ci,
  `uploads` longtext CHARACTER SET utf8mb4 COLLATE utf8mb4_bin,
  `status` int NOT NULL DEFAULT '1',
  `created_at` timestamp NULL DEFAULT NULL,
  `updated_at` timestamp NULL DEFAULT NULL,
  `district_id` int NOT NULL DEFAULT '0',
  `city_id` int NOT NULL DEFAULT '0',
  `deleted_at` timestamp NULL DEFAULT NULL,
  `overview` varchar(255) COLLATE utf8mb4_unicode_ci DEFAULT NULL,
  `photos` longtext CHARACTER SET utf8mb4 COLLATE utf8mb4_bin,
  `organization_id` bigint unsigned NOT NULL DEFAULT '0',
  PRIMARY KEY (`id`),
  KEY `classifieds_user_id_foreign` (`user_id`),
  FULLTEXT KEY `classifieds_title_fulltext` (`title`),
  FULLTEXT KEY `classifieds_description_fulltext` (`description`),
  CONSTRAINT `classifieds_user_id_foreign` FOREIGN KEY (`user_id`) REFERENCES `users` (`id`)
) ENGINE=InnoDB AUTO_INCREMENT=15 DEFAULT CHARSET=utf8mb4 COLLATE=utf8mb4_unicode_ci;
/*!40101 SET character_set_client = @saved_cs_client */;

--
-- Dumping data for table `classifieds`
--

LOCK TABLES `classifieds` WRITE;
/*!40000 ALTER TABLE `classifieds` DISABLE KEYS */;
INSERT INTO `classifieds` VALUES (1,2,3,'Upcycled Plastic Bottles','upcycledplasticbottles6391737f05b18','{\n   \"root\":{\n      \"children\":[\n         {\n            \"children\":[\n               {\n                  \"detail\":0,\n                  \"format\":0,\n                  \"mode\":\"normal\",\n                  \"style\":\"\",\n                  \"text\":\"Home based projects\",\n                  \"type\":\"text\",\n                  \"version\":1\n               }\n            ],\n            \"direction\":\"ltr\",\n            \"format\":\"\",\n            \"indent\":0,\n            \"type\":\"paragraph\",\n            \"version\":1\n         }\n      ],\n      \"direction\":\"ltr\",\n      \"format\":\"\",\n      \"indent\":0,\n      \"type\":\"root\",\n      \"version\":1\n   }\n}','[{\"web_link_title\":null,\"linked_content_type\":null,\"linked_content\":null}]','[]',1,'2022-12-08 05:17:51','2022-12-08 05:17:51',5,118,NULL,'Home based projects','[]',0),(2,2,1,'Research Officer','researchofficer63abc20843d24','{\n   \"root\":{\n      \"children\":[\n         {\n            \"children\":[\n               {\n                  \"detail\":0,\n                  \"format\":0,\n                  \"mode\":\"normal\",\n                  \"style\":\"\",\n                  \"text\":\"We are looking for Research Officers. If YOU think you have what it takes, let us hear from you! Or, if you know of anyone who might be interested, let them know too. Drop us, or get them to drop us, a note at workatfeo@gmail.com\",\n                  \"type\":\"text\",\n                  \"version\":1\n               }\n            ],\n            \"direction\":\"ltr\",\n            \"format\":\"\",\n            \"indent\":0,\n            \"type\":\"paragraph\",\n            \"version\":1\n         }\n      ],\n      \"direction\":\"ltr\",\n      \"format\":\"\",\n      \"indent\":0,\n      \"type\":\"root\",\n      \"version\":1\n   }\n}','[{\"web_link_title\":\"https:\\/\\/www.youtube.com\\/channel\\/UCgJ3FVhtdzP0dNhDmd5VAXw\",\"linked_content_type\":\"FEO You Tube\",\"linked_content\":\"Videos and\"}]','[\"2022\\/12\\/120920220533586392c8c65d5e0.png\"]',1,'2022-12-09 06:11:20','2022-12-28 04:11:52',18,340,NULL,'We are looking for Research Officers.','[]',0),(3,2,2,'FEO Grant','feogrant6392d1db98c6a','{\n   \"root\":{\n      \"children\":[\n         {\n            \"children\":[\n               {\n                  \"detail\":0,\n                  \"format\":0,\n                  \"mode\":\"normal\",\n                  \"style\":\"\",\n                  \"text\":\"Grants with schools.\",\n                  \"type\":\"text\",\n                  \"version\":1\n               }\n            ],\n            \"direction\":\"ltr\",\n            \"format\":\"\",\n            \"indent\":0,\n            \"type\":\"paragraph\",\n            \"version\":1\n         }\n      ],\n      \"direction\":\"ltr\",\n      \"format\":\"\",\n      \"indent\":0,\n      \"type\":\"root\",\n      \"version\":1\n   }\n}','[{\"web_link_title\":null,\"linked_content_type\":null,\"linked_content\":null}]','[]',1,'2022-12-09 06:12:43','2022-12-09 06:12:43',5,1840,NULL,'Grants with schools','[]',0),(4,7,1,'Head of Science','headofscience639971e8e0d25','{\n   \"root\":{\n      \"children\":[\n         {\n            \"children\":[\n               {\n                  \"detail\":0,\n                  \"format\":0,\n                  \"mode\":\"normal\",\n                  \"style\":\"\",\n                  \"text\":\"Environmental Foundation (Guarantee) Limited (EFL) is looking for a enthusiastic, dynamic and adaptable individual to head our Science Team. Visit the link below for the Job Description information and how to apply.\",\n                  \"type\":\"text\",\n                  \"version\":1\n               }\n            ],\n            \"direction\":\"ltr\",\n            \"format\":\"\",\n            \"indent\":0,\n            \"type\":\"paragraph\",\n            \"version\":1\n         }\n      ],\n      \"direction\":\"ltr\",\n      \"format\":\"\",\n      \"indent\":0,\n      \"type\":\"root\",\n      \"version\":1\n   }\n}','[{\"web_link_title\":\"https:\\/\\/efl.lk\\/head-of-science-efl\\/\",\"linked_content_type\":\"Hiring: Head of Science\",\"linked_content\":\"Job Description for Head of Science Position\"}]','[]',1,'2022-12-10 13:21:31','2022-12-14 06:49:12',5,1,NULL,'EFL is looking for a for the Science team','[]',0),(6,8,4,'National Training Centre - Kadawatha (Girl Guides Association)','nationaltrainingcentre-kadawatha(girlguidesassociation)63970a0857e7a','{\n   \"root\":{\n      \"children\":[\n         {\n            \"children\":[\n               {\n                  \"detail\":0,\n                  \"format\":0,\n                  \"mode\":\"normal\",\n                  \"style\":\"\",\n                  \"text\":\"Facilities available for hire-  Conference hall( 100+), activity space garden dormitory (approx 40) For more information on rates please contact Dimanthi/ Chitra 0112695720 Location: Pokuna Junction- Kadawatha- Ganemulla\",\n                  \"type\":\"text\",\n                  \"version\":1\n               }\n            ],\n            \"direction\":\"ltr\",\n            \"format\":\"\",\n            \"indent\":0,\n            \"type\":\"paragraph\",\n            \"version\":1\n         }\n      ],\n      \"direction\":\"ltr\",\n      \"format\":\"\",\n      \"indent\":0,\n      \"type\":\"root\",\n      \"version\":1\n   }\n}','[{\"web_link_title\":null,\"linked_content_type\":null,\"linked_content\":null},{\"web_link_title\":null,\"linked_content_type\":null,\"linked_content\":null}]','[]',1,'2022-12-12 11:01:28','2022-12-12 11:01:28',7,19,NULL,'Facilities available for hire-  Conference hall and dormitory','[]',0);
/*!40000 ALTER TABLE `classifieds` ENABLE KEYS */;
UNLOCK TABLES;

--
-- Table structure for table `data_learning_materials`
--

DROP TABLE IF EXISTS `data_learning_materials`;
/*!40101 SET @saved_cs_client     = @@character_set_client */;
/*!50503 SET character_set_client = utf8mb4 */;
CREATE TABLE `data_learning_materials` (
  `id` bigint unsigned NOT NULL AUTO_INCREMENT,
  `user_id` bigint unsigned NOT NULL,
  `organization_id` bigint unsigned NOT NULL DEFAULT '0',
  `project_id` bigint unsigned NOT NULL DEFAULT '0',
  `title` varchar(300) COLLATE utf8mb4_unicode_ci NOT NULL,
  `slug` text COLLATE utf8mb4_unicode_ci NOT NULL,
  `type` tinyint NOT NULL DEFAULT '1',
  `description` text COLLATE utf8mb4_unicode_ci,
  `uploads` longtext CHARACTER SET utf8mb4 COLLATE utf8mb4_bin,
  `photos` longtext CHARACTER SET utf8mb4 COLLATE utf8mb4_bin,
  `date` date DEFAULT NULL,
  `author` varchar(100) COLLATE utf8mb4_unicode_ci DEFAULT NULL,
  `phone` varchar(12) COLLATE utf8mb4_unicode_ci DEFAULT NULL,
  `email` varchar(100) COLLATE utf8mb4_unicode_ci DEFAULT NULL,
  `district_id` int NOT NULL DEFAULT '0',
  `city_id` int NOT NULL DEFAULT '0',
  `created_at` timestamp NULL DEFAULT NULL,
  `updated_at` timestamp NULL DEFAULT NULL,
  `deleted_at` timestamp NULL DEFAULT NULL,
  `overview` varchar(255) COLLATE utf8mb4_unicode_ci DEFAULT NULL,
  `what_you_will_learn` longtext CHARACTER SET utf8mb4 COLLATE utf8mb4_bin,
  `contents` longtext CHARACTER SET utf8mb4 COLLATE utf8mb4_bin,
  PRIMARY KEY (`id`),
  KEY `data_learning_materials_user_id_foreign` (`user_id`),
  FULLTEXT KEY `data_learning_materials_title_fulltext` (`title`),
  FULLTEXT KEY `data_learning_materials_description_fulltext` (`description`),
  CONSTRAINT `data_learning_materials_user_id_foreign` FOREIGN KEY (`user_id`) REFERENCES `users` (`id`)
) ENGINE=InnoDB AUTO_INCREMENT=33 DEFAULT CHARSET=utf8mb4 COLLATE=utf8mb4_unicode_ci;
/*!40101 SET character_set_client = @saved_cs_client */;

--
-- Dumping data for table `data_learning_materials`
--

LOCK TABLES `data_learning_materials` WRITE;
/*!40000 ALTER TABLE `data_learning_materials` DISABLE KEYS */;
INSERT INTO `data_learning_materials` VALUES (8,2,2,1,'Nature Interpretation Programmes in Minneriya, Kaudulla & Wilpattu National Parks','natureinterpretationprogrammesinminneriya,kaudulla&wilpattunationalparks6396dde808fb0',2,'{\n   \"root\":{\n      \"children\":[\n         {\n            \"children\":[\n               {\n                  \"detail\":0,\n                  \"format\":0,\n                  \"mode\":\"normal\",\n                  \"style\":\"\",\n                  \"text\":\"On the path to becoming a globally recognized destination for a total wildlife experience, The Federation of Environmental Organizations (FEO) trained over 1,200 Safari Jeep Drivers. This was a structural approach to create more responsibility in the Sri Lankan Wildlife Tourism Industry through an easy approach; the ‘Nature Interpretation’ Training Programme. The participants gained valuable knowledge on the flora and fauna found within each respective National Park, a brief history of the Park, including places of archaeological significance located within them, a reinforcement of the Park Rules and Regulations, and examples of poor visitor reviews and their negative impact on the industry. In addition, they were educated on tourism trends and visitor expectations in detail, the behaviour of the iconic species of Sri Lanka - the elephant, leopard and bear – as observed by them on every sighting, to share this knowledge with their customers and further enhance their ‘Total Wildlife Experience’. An additional 40 Jeep Drivers were trained from the Minneriya and Kaudulla area in August 2022.\",\n                  \"type\":\"text\",\n                  \"version\":1\n               }\n            ],\n            \"direction\":\"ltr\",\n            \"format\":\"\",\n            \"indent\":0,\n            \"type\":\"paragraph\",\n            \"version\":1\n         }\n      ],\n      \"direction\":\"ltr\",\n      \"format\":\"\",\n      \"indent\":0,\n      \"type\":\"root\",\n      \"version\":1\n   }\n}\n','[]','[]','2018-06-01','Federation of Environmental Organizations',NULL,NULL,1,1,'2022-12-12 07:53:12','2022-12-12 07:53:12',NULL,'On the path to becoming a globally recognized destination for a total wildlife experience, The Federation of Environmental Organizations (FEO) trained over 1,200 Safari Jeep Drivers.','[]','[]'),(10,2,2,24,'Introduction to Project Management','introductiontoprojectmanagement63976155b717c',2,'{\n   \"root\":{\n      \"children\":[\n         {\n            \"children\":[\n               {\n                  \"detail\":0,\n                  \"format\":0,\n                  \"mode\":\"normal\",\n                  \"style\":\"\",\n                  \"text\":\"This presentation was a part of FEO’s capacity building programmes conducted for CSOs around the country. This lecture of project management was presented by FEO Trustee, Lalith Dassenaike. Presentation Video Link: https://www.youtube.com/watch?v=9ko6kMbAujM&t=987s\",\n                  \"type\":\"text\",\n                  \"version\":1\n               }\n            ],\n            \"direction\":\"ltr\",\n            \"format\":\"\",\n            \"indent\":0,\n            \"type\":\"paragraph\",\n            \"version\":1\n         }\n      ],\n      \"direction\":\"ltr\",\n      \"format\":\"\",\n      \"indent\":0,\n      \"type\":\"root\",\n      \"version\":1\n   }\n}','[]','[]','2022-06-01','Federation of Environmental Organizations',NULL,NULL,1,1,'2022-12-12 17:13:57','2022-12-12 17:13:57',NULL,'This presentation was a part of FEO’s capacity building programmes conducted for CSOs around the country.','[]','[]'),(11,2,2,15,'Conscious Consumerism; a presentation by Vraîe Cally Balthazaar','consciousconsumerism;apresentationbyvraîecallybalthazaar63976208d6f03',2,'{\n   \"root\":{\n      \"children\":[\n         {\n            \"children\":[\n               {\n                  \"detail\":0,\n                  \"format\":0,\n                  \"mode\":\"normal\",\n                  \"style\":\"\",\n                  \"text\":\"A webinar in Conscious Consumerism by Vraîe Cally Balthazaar. This presentation was part of FEO’s Youth Alliance, ENVFORCE’s series of informational webinars. Video Link:  https://www.youtube.com/watch?v=-cIh2Mdjf2M\",\n                  \"type\":\"text\",\n                  \"version\":1\n               }\n            ],\n            \"direction\":\"ltr\",\n            \"format\":\"\",\n            \"indent\":0,\n            \"type\":\"paragraph\",\n            \"version\":1\n         }\n      ],\n      \"direction\":\"ltr\",\n      \"format\":\"\",\n      \"indent\":0,\n      \"type\":\"root\",\n      \"version\":1\n   }\n}','[]','[]',NULL,'Federation of Environmental Organizations',NULL,NULL,1,1,'2022-12-12 17:16:56','2022-12-12 17:16:56',NULL,'A webinar in Conscious Consumerism by Vraîe Cally Balthazaar. This presentation was part of FEO’s Youth Alliance.','[]','[]'),(26,1,0,1,'This is a test e learning material','thisisatestelearningmaterial63c18a97c87ad',2,'{\"root\":{\"children\":[{\"children\":[{\"detail\":0,\"format\":0,\"mode\":\"normal\",\"style\":\"\",\"text\":\"This is a test e learning material \",\"type\":\"text\",\"version\":1}],\"direction\":\"ltr\",\"format\":\"\",\"indent\":0,\"type\":\"paragraph\",\"version\":1},{\"children\":[{\"detail\":0,\"format\":0,\"mode\":\"normal\",\"style\":\"\",\"text\":\"This is a test e learning \",\"type\":\"text\",\"version\":1},{\"detail\":0,\"format\":1,\"mode\":\"normal\",\"style\":\"\",\"text\":\"material\",\"type\":\"text\",\"version\":1},{\"detail\":0,\"format\":0,\"mode\":\"normal\",\"style\":\"\",\"text\":\" \",\"type\":\"text\",\"version\":1}],\"direction\":\"ltr\",\"format\":\"\",\"indent\":0,\"type\":\"paragraph\",\"version\":1},{\"children\":[{\"detail\":0,\"format\":0,\"mode\":\"normal\",\"style\":\"\",\"text\":\"dsfsdfsfd\",\"type\":\"text\",\"version\":1}],\"direction\":\"ltr\",\"format\":\"\",\"indent\":0,\"type\":\"paragraph\",\"version\":1},{\"children\":[],\"direction\":\"ltr\",\"format\":\"\",\"indent\":0,\"type\":\"paragraph\",\"version\":1}],\"direction\":\"ltr\",\"format\":\"\",\"indent\":0,\"type\":\"root\",\"version\":1}}','[\"2022\\/12\\/12122022030155639699a351bd0.jpeg\"]','[\"doc\\/AWS Pricing - Mihidora 12-22.pdf\"]','2023-01-13','test a','3434543535',NULL,1,1,'2023-01-13 16:45:11','2023-01-13 16:45:11',NULL,'This is a test e learning material  This is a test e learning material','[]','[]'),(29,2,0,17,'data','data63f709ac20351',1,'{\"root\":{\"children\":[{\"children\":[{\"detail\":0,\"format\":0,\"mode\":\"normal\",\"style\":\"\",\"text\":\"decsr\",\"type\":\"text\",\"version\":1}],\"direction\":\"ltr\",\"format\":\"\",\"indent\":0,\"type\":\"paragraph\",\"version\":1}],\"direction\":\"ltr\",\"format\":\"\",\"indent\":0,\"type\":\"root\",\"version\":1}}','[]','[]','2023-02-23',NULL,NULL,NULL,26,339,'2023-02-23 06:37:32','2023-02-23 06:37:32',NULL,'overview','[]','null');
/*!40000 ALTER TABLE `data_learning_materials` ENABLE KEYS */;
UNLOCK TABLES;

--
-- Table structure for table `districts`
--

DROP TABLE IF EXISTS `districts`;
/*!40101 SET @saved_cs_client     = @@character_set_client */;
/*!50503 SET character_set_client = utf8mb4 */;
CREATE TABLE `districts` (
  `id` int NOT NULL AUTO_INCREMENT,
  `province_id` int NOT NULL,
  `name_en` varchar(45) DEFAULT NULL,
  `name_si` varchar(45) DEFAULT NULL,
  `name_ta` varchar(45) DEFAULT NULL,
  PRIMARY KEY (`id`),
  KEY `provinces_id` (`province_id`)
) ENGINE=InnoDB AUTO_INCREMENT=28 DEFAULT CHARSET=utf8mb3;
/*!40101 SET character_set_client = @saved_cs_client */;

--
-- Dumping data for table `districts`
--

LOCK TABLES `districts` WRITE;
/*!40000 ALTER TABLE `districts` DISABLE KEYS */;
INSERT INTO `districts` VALUES (1,6,'Ampara','අම්පාර','அம்பாறை'),(2,8,'Anuradhapura','අනුරාධපුරය','அனுராதபுரம்'),(3,7,'Badulla','බදුල්ල','பதுளை'),(4,6,'Batticaloa','මඩකලපුව','மட்டக்களப்பு'),(5,1,'Colombo','කොළඹ','கொழும்பு'),(6,3,'Galle','ගාල්ල','காலி'),(7,1,'Gampaha','ගම්පහ','கம்பஹா'),(8,3,'Hambantota','හම්බන්තොට','அம்பாந்தோட்டை'),(9,9,'Jaffna','යාපනය','யாழ்ப்பாணம்'),(10,1,'Kalutara','කළුතර','களுத்துறை'),(11,2,'Kandy','මහනුවර','கண்டி'),(12,5,'Kegalle','කෑගල්ල','கேகாலை'),(13,9,'Kilinochchi','කිලිනොච්චිය','கிளிநொச்சி'),(14,4,'Kurunegala','කුරුණෑගල','குருணாகல்'),(15,9,'Mannar','මන්නාරම','மன்னார்'),(16,2,'Matale','මාතලේ','மாத்தளை'),(17,3,'Matara','මාතර','மாத்தறை'),(18,7,'Monaragala','මොණරාගල','மொணராகலை'),(19,9,'Mullaitivu','මුලතිව්','முல்லைத்தீவு'),(20,2,'Nuwara Eliya','නුවර එළිය','நுவரேலியா'),(21,8,'Polonnaruwa','පොළොන්නරුව','பொலன்னறுவை'),(22,4,'Puttalam','පුත්තලම','புத்தளம்'),(23,5,'Ratnapura','රත්නපුර','இரத்தினபுரி'),(24,6,'Trincomalee','ත්‍රිකුණාමලය','திருகோணமலை'),(25,9,'Vavuniya','වව්නියාව','வவுனியா'),(26,1,'National - multiple locations','National - multiple locations','National - multiple locations'),(27,1,'None','None','None');
/*!40000 ALTER TABLE `districts` ENABLE KEYS */;
UNLOCK TABLES;

--
-- Table structure for table `failed_jobs`
--

DROP TABLE IF EXISTS `failed_jobs`;
/*!40101 SET @saved_cs_client     = @@character_set_client */;
/*!50503 SET character_set_client = utf8mb4 */;
CREATE TABLE `failed_jobs` (
  `id` bigint unsigned NOT NULL AUTO_INCREMENT,
  `uuid` varchar(255) COLLATE utf8mb4_unicode_ci NOT NULL,
  `connection` text COLLATE utf8mb4_unicode_ci NOT NULL,
  `queue` text COLLATE utf8mb4_unicode_ci NOT NULL,
  `payload` longtext COLLATE utf8mb4_unicode_ci NOT NULL,
  `exception` longtext COLLATE utf8mb4_unicode_ci NOT NULL,
  `failed_at` timestamp NOT NULL DEFAULT CURRENT_TIMESTAMP,
  PRIMARY KEY (`id`),
  UNIQUE KEY `failed_jobs_uuid_unique` (`uuid`)
) ENGINE=InnoDB DEFAULT CHARSET=utf8mb4 COLLATE=utf8mb4_unicode_ci;
/*!40101 SET character_set_client = @saved_cs_client */;

--
-- Dumping data for table `failed_jobs`
--

LOCK TABLES `failed_jobs` WRITE;
/*!40000 ALTER TABLE `failed_jobs` DISABLE KEYS */;
/*!40000 ALTER TABLE `failed_jobs` ENABLE KEYS */;
UNLOCK TABLES;

--
-- Table structure for table `fileuploads`
--

DROP TABLE IF EXISTS `fileuploads`;
/*!40101 SET @saved_cs_client     = @@character_set_client */;
/*!50503 SET character_set_client = utf8mb4 */;
CREATE TABLE `fileuploads` (
  `id` bigint unsigned NOT NULL AUTO_INCREMENT,
  `user_id` bigint unsigned NOT NULL,
  `file_name` text COLLATE utf8mb4_unicode_ci NOT NULL,
  `file_path` text COLLATE utf8mb4_unicode_ci NOT NULL,
  `created_at` timestamp NULL DEFAULT NULL,
  `updated_at` timestamp NULL DEFAULT NULL,
  PRIMARY KEY (`id`),
  KEY `fileuploads_user_id_foreign` (`user_id`),
  CONSTRAINT `fileuploads_user_id_foreign` FOREIGN KEY (`user_id`) REFERENCES `users` (`id`)
) ENGINE=InnoDB AUTO_INCREMENT=136 DEFAULT CHARSET=utf8mb4 COLLATE=utf8mb4_unicode_ci;
/*!40101 SET character_set_client = @saved_cs_client */;

--
-- Dumping data for table `fileuploads`
--

LOCK TABLES `fileuploads` WRITE;
/*!40000 ALTER TABLE `fileuploads` DISABLE KEYS */;
INSERT INTO `fileuploads` VALUES (1,1,'12042022051729638c2d697e85e.jpeg','2022/12/12042022051729638c2d697e85e.jpeg','2022-12-04 05:17:29','2022-12-04 05:17:29'),(2,1,'1208202205482263917aa63645a.jpeg','2022/12/1208202205482263917aa63645a.jpeg','2022-12-08 05:48:22','2022-12-08 05:48:22'),(3,1,'1208202205491663917adc7ab9b.jpeg','2022/12/1208202205491663917adc7ab9b.jpeg','2022-12-08 05:49:16','2022-12-08 05:49:16'),(4,1,'1208202206051563917e9b56cc6.jpeg','2022/12/1208202206051563917e9b56cc6.jpeg','2022-12-08 06:05:15','2022-12-08 06:05:15'),(5,1,'1208202206323863918506c264b.jpeg','2022/12/1208202206323863918506c264b.jpeg','2022-12-08 06:32:39','2022-12-08 06:32:39'),(6,1,'1208202206415563918733bb839.jpeg','2022/12/1208202206415563918733bb839.jpeg','2022-12-08 06:41:55','2022-12-08 06:41:55'),(7,2,'1208202206591663918b44b249e.jpeg','2022/12/1208202206591663918b44b249e.jpeg','2022-12-08 06:59:16','2022-12-08 06:59:16'),(8,2,'1208202206591663918b44cdc39.jpeg','2022/12/1208202206591663918b44cdc39.jpeg','2022-12-08 06:59:16','2022-12-08 06:59:16'),(9,2,'1208202206591663918b44e90ee.jpeg','2022/12/1208202206591663918b44e90ee.jpeg','2022-12-08 06:59:17','2022-12-08 06:59:17'),(10,2,'1208202206591763918b45163b3.jpeg','2022/12/1208202206591763918b45163b3.jpeg','2022-12-08 06:59:17','2022-12-08 06:59:17'),(11,2,'1208202206591763918b451cfb9.jpeg','2022/12/1208202206591763918b451cfb9.jpeg','2022-12-08 06:59:17','2022-12-08 06:59:17'),(12,1,'120820221215586391d57e94c96.jpeg','2022/12/120820221215586391d57e94c96.jpeg','2022-12-08 12:15:58','2022-12-08 12:15:58'),(13,4,'120820221248366391dd2418e9f.jpeg','2022/12/120820221248366391dd2418e9f.jpeg','2022-12-08 12:48:36','2022-12-08 12:48:36'),(14,2,'120920220533586392c8c65d5e0.png','2022/12/120920220533586392c8c65d5e0.png','2022-12-09 05:33:58','2022-12-09 05:33:58'),(15,1,'120920220652046392db1438997.png','2022/12/120920220652046392db1438997.png','2022-12-09 06:52:04','2022-12-09 06:52:04'),(16,4,'12092022110723639316eb1d0ad.jpeg','2022/12/12092022110723639316eb1d0ad.jpeg','2022-12-09 11:07:23','2022-12-09 11:07:23'),(17,2,'1209202217270663936fea8e310.png','2022/12/1209202217270663936fea8e310.png','2022-12-09 17:27:07','2022-12-09 17:27:07'),(18,2,'1209202217272363936ffbaff94.png','2022/12/1209202217272363936ffbaff94.png','2022-12-09 17:27:24','2022-12-09 17:27:24'),(19,2,'120920222102546393a27e1f22a.png','2022/12/120920222102546393a27e1f22a.png','2022-12-09 21:02:54','2022-12-09 21:02:54'),(20,2,'120920222103126393a290978a3.png','2022/12/120920222103126393a290978a3.png','2022-12-09 21:03:12','2022-12-09 21:03:12'),(21,4,'1210202206520563942c9579446.jpeg','2022/12/1210202206520563942c9579446.jpeg','2022-12-10 06:52:05','2022-12-10 06:52:05'),(23,7,'12102022131217639485b1c7b6f.jpeg','2022/12/12102022131217639485b1c7b6f.jpeg','2022-12-10 13:12:17','2022-12-10 13:12:17'),(24,7,'12102022131221639485b5019ad.jpeg','2022/12/12102022131221639485b5019ad.jpeg','2022-12-10 13:12:21','2022-12-10 13:12:21'),(25,1,'12122022030155639699a351bd0.jpeg','2022/12/12122022030155639699a351bd0.jpeg','2022-12-12 03:01:55','2022-12-12 03:01:55'),(26,4,'121220220501236396b5a3bc341.jpeg','2022/12/121220220501236396b5a3bc341.jpeg','2022-12-12 05:01:23','2022-12-12 05:01:23'),(27,2,'121220220521266396ba56b2bab.jpeg','2022/12/121220220521266396ba56b2bab.jpeg','2022-12-12 05:21:27','2022-12-12 05:21:27'),(28,2,'121220220521486396ba6c9d856.jpeg','2022/12/121220220521486396ba6c9d856.jpeg','2022-12-12 05:21:49','2022-12-12 05:21:49'),(29,2,'121220220524076396baf702f88.jpeg','2022/12/121220220524076396baf702f88.jpeg','2022-12-12 05:24:07','2022-12-12 05:24:07'),(30,2,'121220220527066396bbaabf4d0.jpeg','2022/12/121220220527066396bbaabf4d0.jpeg','2022-12-12 05:27:07','2022-12-12 05:27:07'),(31,2,'121220220527296396bbc17d8dc.jpeg','2022/12/121220220527296396bbc17d8dc.jpeg','2022-12-12 05:27:30','2022-12-12 05:27:30'),(32,2,'121220220542266396bf42c498d.jpeg','2022/12/121220220542266396bf42c498d.jpeg','2022-12-12 05:42:26','2022-12-12 05:42:26'),(33,2,'121220220543366396bf88c3644.jpeg','2022/12/121220220543366396bf88c3644.jpeg','2022-12-12 05:43:36','2022-12-12 05:43:36'),(34,2,'121220220543366396bf88d2b7a.jpeg','2022/12/121220220543366396bf88d2b7a.jpeg','2022-12-12 05:43:36','2022-12-12 05:43:36'),(35,2,'121220220550356396c12bae7d4.jpeg','2022/12/121220220550356396c12bae7d4.jpeg','2022-12-12 05:50:35','2022-12-12 05:50:35'),(36,2,'121220220551066396c14a5f2da.jpeg','2022/12/121220220551066396c14a5f2da.jpeg','2022-12-12 05:51:06','2022-12-12 05:51:06'),(37,2,'121220220603276396c42f83fd9.png','2022/12/121220220603276396c42f83fd9.png','2022-12-12 06:03:28','2022-12-12 06:03:28'),(38,2,'121220220603516396c447aeb31.png','2022/12/121220220603516396c447aeb31.png','2022-12-12 06:03:53','2022-12-12 06:03:53'),(39,2,'121220220604156396c45f83031.jpeg','2022/12/121220220604156396c45f83031.jpeg','2022-12-12 06:04:15','2022-12-12 06:04:15'),(40,2,'121220220606396396c4ef23651.png','2022/12/121220220606396396c4ef23651.png','2022-12-12 06:06:39','2022-12-12 06:06:39'),(41,2,'121220220607206396c51892668.jpeg','2022/12/121220220607206396c51892668.jpeg','2022-12-12 06:07:21','2022-12-12 06:07:21'),(42,2,'121220220623566396c8fce2f08.jpeg','2022/12/121220220623566396c8fce2f08.jpeg','2022-12-12 06:23:56','2022-12-12 06:23:56'),(43,2,'121220220624076396c9077779b.jpeg','2022/12/121220220624076396c9077779b.jpeg','2022-12-12 06:24:07','2022-12-12 06:24:07'),(44,2,'121220220624246396c9181ffb4.jpeg','2022/12/121220220624246396c9181ffb4.jpeg','2022-12-12 06:24:24','2022-12-12 06:24:24'),(45,8,'121220221029146397027ab61a0.jpeg','2022/12/121220221029146397027ab61a0.jpeg','2022-12-12 10:29:14','2022-12-12 10:29:14'),(46,9,'121220221207266397197e0efb5.jpeg','2022/12/121220221207266397197e0efb5.jpeg','2022-12-12 12:07:26','2022-12-12 12:07:26'),(47,2,'121220221614026397534a9b26d.jpeg','2022/12/121220221614026397534a9b26d.jpeg','2022-12-12 16:14:02','2022-12-12 16:14:02'),(48,2,'1212202216140863975350017dc.jpeg','2022/12/1212202216140863975350017dc.jpeg','2022-12-12 16:14:08','2022-12-12 16:14:08'),(49,2,'1212202216362063975884bf3d9.jpeg','2022/12/1212202216362063975884bf3d9.jpeg','2022-12-12 16:36:20','2022-12-12 16:36:20'),(50,2,'12122022163650639758a297466.jpeg','2022/12/12122022163650639758a297466.jpeg','2022-12-12 16:36:50','2022-12-12 16:36:50'),(51,2,'1212202216382863975904321dd.jpeg','2022/12/1212202216382863975904321dd.jpeg','2022-12-12 16:38:28','2022-12-12 16:38:28'),(52,2,'1212202216530763975c7307dee.png','2022/12/1212202216530763975c7307dee.png','2022-12-12 16:53:07','2022-12-12 16:53:07'),(53,2,'1212202217012263975e6299a9d.jpeg','2022/12/1212202217012263975e6299a9d.jpeg','2022-12-12 17:01:22','2022-12-12 17:01:22'),(54,2,'1212202217012763975e6704ba6.jpeg','2022/12/1212202217012763975e6704ba6.jpeg','2022-12-12 17:01:27','2022-12-12 17:01:27'),(55,2,'1212202217013063975e6a45607.jpeg','2022/12/1212202217013063975e6a45607.jpeg','2022-12-12 17:01:30','2022-12-12 17:01:30'),(56,2,'12122022171621639761e54ad36.png','2022/12/12122022171621639761e54ad36.png','2022-12-12 17:16:21','2022-12-12 17:16:21'),(57,2,'121220221718326397626890642.png','2022/12/121220221718326397626890642.png','2022-12-12 17:18:33','2022-12-12 17:18:33'),(58,9,'121320221343426398818e27042.jpeg','2022/12/121320221343426398818e27042.jpeg','2022-12-13 13:43:42','2022-12-13 13:43:42'),(59,9,'12132022134836639882b4de529.png','2022/12/12132022134836639882b4de529.png','2022-12-13 13:48:37','2022-12-13 13:48:37'),(60,9,'1213202214170663988962b3725.jpeg','2022/12/1213202214170663988962b3725.jpeg','2022-12-13 14:17:06','2022-12-13 14:17:06'),(61,2,'121320221633056398a941d749c.png','2022/12/121320221633056398a941d749c.png','2022-12-13 16:33:06','2022-12-13 16:33:06'),(62,4,'121320222000036398d9c3f315b.jpeg','2022/12/121320222000036398d9c3f315b.jpeg','2022-12-13 20:00:04','2022-12-13 20:00:04'),(63,4,'121320222003206398da88688c1.jpeg','2022/12/121320222003206398da88688c1.jpeg','2022-12-13 20:03:20','2022-12-13 20:03:20'),(64,4,'12142022024950639939ce0f3df.png','2022/12/12142022024950639939ce0f3df.png','2022-12-14 02:49:50','2022-12-14 02:49:50'),(66,2,'1214202206173363996a7d9b739.png','2022/12/1214202206173363996a7d9b739.png','2022-12-14 06:17:33','2022-12-14 06:17:33'),(67,7,'121420220720356399794337bfe.jpeg','2022/12/121420220720356399794337bfe.jpeg','2022-12-14 07:20:35','2022-12-14 07:20:35'),(68,9,'1214202207413263997e2ca67d7.jpeg','2022/12/1214202207413263997e2ca67d7.jpeg','2022-12-14 07:41:32','2022-12-14 07:41:32'),(69,4,'12142022081846639986e6ce2d8.jpeg','doc/12142022081846639986e6ce2d8.jpeg','2022-12-14 08:18:46','2022-12-14 08:18:46'),(70,4,'121420220819186399870636faa.jpeg','doc/121420220819186399870636faa.jpeg','2022-12-14 08:19:18','2022-12-14 08:19:18'),(71,4,'1214202209194763999533c77d4.jpeg','doc/1214202209194763999533c77d4.jpeg','2022-12-14 09:19:47','2022-12-14 09:19:47'),(72,4,'121420220925496399969daf394.jpeg','2022/12/121420220925496399969daf394.jpeg','2022-12-14 09:25:49','2022-12-14 09:25:49'),(73,4,'12142022093026639997b246d9d.pdf','doc/12142022093026639997b246d9d.pdf','2022-12-14 09:30:26','2022-12-14 09:30:26'),(74,7,'121420220932446399983c57b05.jpeg','doc/121420220932446399983c57b05.jpeg','2022-12-14 09:32:44','2022-12-14 09:32:44'),(75,7,'1214202209325463999846b2c8e.jpeg','doc/1214202209325463999846b2c8e.jpeg','2022-12-14 09:32:54','2022-12-14 09:32:54'),(76,7,'121420220933176399985d3aec9.jpeg','doc/121420220933176399985d3aec9.jpeg','2022-12-14 09:33:17','2022-12-14 09:33:17'),(77,7,'121420220933346399986e68495.jpeg','doc/121420220933346399986e68495.jpeg','2022-12-14 09:33:34','2022-12-14 09:33:34'),(78,8,'1214202210034263999f7e02e01.jpeg','2022/12/1214202210034263999f7e02e01.jpeg','2022-12-14 10:03:42','2022-12-14 10:03:42'),(79,8,'1214202210053663999ff0dc4e8.jpeg','2022/12/1214202210053663999ff0dc4e8.jpeg','2022-12-14 10:05:36','2022-12-14 10:05:36'),(80,1,'121420221011396399a15b22717.jpeg','2022/12/121420221011396399a15b22717.jpeg','2022-12-14 10:11:39','2022-12-14 10:11:39'),(81,1,'121420221011396399a15b38248.jpeg','2022/12/121420221011396399a15b38248.jpeg','2022-12-14 10:11:39','2022-12-14 10:11:39'),(82,1,'121420221011396399a15b4aca7.jpeg','2022/12/121420221011396399a15b4aca7.jpeg','2022-12-14 10:11:39','2022-12-14 10:11:39'),(83,1,'121420221013546399a1e2514f4.jpeg','2022/12/121420221013546399a1e2514f4.jpeg','2022-12-14 10:13:54','2022-12-14 10:13:54'),(84,8,'121420221018016399a2d9cfc18.png','2022/12/121420221018016399a2d9cfc18.png','2022-12-14 10:18:02','2022-12-14 10:18:02'),(85,8,'121420221018156399a2e78e58a.png','2022/12/121420221018156399a2e78e58a.png','2022-12-14 10:18:16','2022-12-14 10:18:16'),(86,8,'121420221018326399a2f82135d.png','2022/12/121420221018326399a2f82135d.png','2022-12-14 10:18:33','2022-12-14 10:18:33'),(87,14,'121420221324026399ce72352d1.jpeg','2022/12/121420221324026399ce72352d1.jpeg','2022-12-14 13:24:02','2022-12-14 13:24:02'),(88,18,'121420221329416399cfc541b6c.jpeg','2022/12/121420221329416399cfc541b6c.jpeg','2022-12-14 13:29:41','2022-12-14 13:29:41'),(89,6,'12162022172256639ca970f404c.png','2022/12/12162022172256639ca970f404c.png','2022-12-16 17:22:57','2022-12-16 17:22:57'),(90,2,'1228202203482063abbc8446adf.pdf','doc/1228202203482063abbc8446adf.pdf','2022-12-28 03:48:20','2022-12-28 03:48:20'),(91,2,'1228202203493563abbccf7a91a.vnd.openxmlformats-officedocument.spreadsheetml.sheet','doc/1228202203493563abbccf7a91a.vnd.openxmlformats-officedocument.spreadsheetml.sheet','2022-12-28 03:49:35','2022-12-28 03:49:35'),(92,2,'1228202203502063abbcfca70aa.jpeg','doc/1228202203502063abbcfca70aa.jpeg','2022-12-28 03:50:20','2022-12-28 03:50:20'),(93,4,'1228202209420163ac0f6902d65.pdf','doc/1228202209420163ac0f6902d65.pdf','2022-12-28 09:42:01','2022-12-28 09:42:01'),(94,4,'1228202209512163ac11997a6c2.pdf','doc/1228202209512163ac11997a6c2.pdf','2022-12-28 09:51:21','2022-12-28 09:51:21'),(95,4,'1228202209514363ac11afa6d68.jpeg','2022/12/1228202209514363ac11afa6d68.jpeg','2022-12-28 09:51:43','2022-12-28 09:51:43'),(96,1,'1229202209361563ad5f8fb5502.jpeg','2022/12/1229202209361563ad5f8fb5502.jpeg','2022-12-29 09:36:16','2022-12-29 09:36:16'),(97,4,'0_License Agreement.rtf','doc/0_License Agreement.rtf','2022-12-30 09:02:26','2022-12-30 09:02:26'),(98,4,'Room-Meetrix SLA for upgrade protection.odt','doc/Room-Meetrix SLA for upgrade protection.odt','2022-12-30 09:02:46','2022-12-30 09:02:46'),(99,4,'Video_requirements.docx','doc/Video_requirements.docx','2022-12-30 16:19:35','2022-12-30 16:19:35'),(100,4,'1230202216200763af0fb783050.jpeg','2022/12/1230202216200763af0fb783050.jpeg','2022-12-30 16:20:08','2022-12-30 16:20:08'),(101,4,'0105202313415663b6d3a448935.jpeg','2023/01/0105202313415663b6d3a448935.jpeg','2023-01-05 13:41:56','2023-01-05 13:41:56'),(102,20,'0106202303574663b79c3a29f4a.png','2023/01/0106202303574663b79c3a29f4a.png','2023-01-06 03:57:46','2023-01-06 03:57:46'),(103,20,'0106202304005263b79cf40d522.png','2023/01/0106202304005263b79cf40d522.png','2023-01-06 04:00:52','2023-01-06 04:00:52'),(104,1,'AWS Pricing - Mihidora 12-22.pdf','doc/AWS Pricing - Mihidora 12-22.pdf','2023-01-09 07:09:10','2023-01-09 07:09:10'),(105,1,'0109202307101263bbbdd4e22f6.jpeg','2023/01/0109202307101263bbbdd4e22f6.jpeg','2023-01-09 07:10:12','2023-01-09 07:10:12'),(106,4,'statement-of-purpose-information-systems.docx','doc/statement-of-purpose-information-systems.docx','2023-01-09 08:59:57','2023-01-09 08:59:57'),(107,4,'Room-Meetrix SLA for upgrade protectionss.odt','doc/Room-Meetrix SLA for upgrade protectionss.odt','2023-01-09 09:00:24','2023-01-09 09:00:24'),(108,4,'rm123.odt','doc/rm123.odt','2023-01-09 09:06:30','2023-01-09 09:06:30'),(109,4,'0109202309071163bbd93f5eb5a.jpeg','2023/01/0109202309071163bbd93f5eb5a.jpeg','2023-01-09 09:07:11','2023-01-09 09:07:11'),(110,4,'rm123.odt','doc/rm123.odt','2023-01-09 15:48:06','2023-01-09 15:48:06'),(111,4,'0109202315483063bc374e4a42d.jpeg','2023/01/0109202315483063bc374e4a42d.jpeg','2023-01-09 15:48:30','2023-01-09 15:48:30'),(112,4,'rm123ssdd.odt','doc/rm123ssdd.odt','2023-01-09 16:25:55','2023-01-09 16:25:55'),(113,4,'0109202316261663bc402815719.jpeg','2023/01/0109202316261663bc402815719.jpeg','2023-01-09 16:26:16','2023-01-09 16:26:16'),(114,4,'dfdgd.odt','doc/dfdgd.odt','2023-01-09 16:35:03','2023-01-09 16:35:03'),(115,4,'aragale_plan.pdf','doc/aragale_plan.pdf','2023-01-10 05:11:26','2023-01-10 05:11:26'),(116,4,'dfdgd.odt','doc/dfdgd.odt','2023-01-10 08:55:08','2023-01-10 08:55:08'),(117,4,'A brief history of alternative politics - achala arunalu 2021.pptx','doc/A brief history of alternative politics - achala arunalu 2021.pptx','2023-01-10 15:41:12','2023-01-10 15:41:12'),(118,2,'download.jpg','doc/download.jpg','2023-01-12 06:50:03','2023-01-12 06:50:03'),(119,2,'Sayuri and Aishwarya Work plan_Q1 2023.xlsx','doc/Sayuri and Aishwarya Work plan_Q1 2023.xlsx','2023-01-12 06:54:05','2023-01-12 06:54:05'),(120,2,'0112202306542563bfaea1531be.jpeg','2023/01/0112202306542563bfaea1531be.jpeg','2023-01-12 06:54:25','2023-01-12 06:54:25'),(121,2,'0112202306543563bfaeabcfb34.jpeg','2023/01/0112202306543563bfaeabcfb34.jpeg','2023-01-12 06:54:35','2023-01-12 06:54:35'),(122,2,'0117202310450063c67c2ce90a1.png','2023/01/0117202310450063c67c2ce90a1.png','2023-01-17 10:45:01','2023-01-17 10:45:01'),(123,24,'HDL 2018 (1).pdf','doc/HDL 2018 (1).pdf','2023-02-09 13:15:48','2023-02-09 13:15:48'),(124,24,'HDL-Lab_05.pdf','doc/HDL-Lab_05.pdf','2023-02-09 13:15:56','2023-02-09 13:15:56'),(125,24,'0209202313170163e4f24dc5c4c.png','2023/02/0209202313170163e4f24dc5c4c.png','2023-02-09 13:17:01','2023-02-09 13:17:01'),(126,24,'0209202313205863e4f33adf93b.png','2023/02/0209202313205863e4f33adf93b.png','2023-02-09 13:20:59','2023-02-09 13:20:59'),(127,2,'daniil-onischenko-OqaMSLO4lBI-unsplash - Copy - Copy.jpg','doc/daniil-onischenko-OqaMSLO4lBI-unsplash - Copy - Copy.jpg','2023-02-23 05:59:23','2023-02-23 05:59:23'),(128,2,'Earth Image 02.jpg','doc/Earth Image 02.jpg','2023-02-23 06:26:03','2023-02-23 06:26:03'),(129,2,'daniil-onischenko-OqaMSLO4lBI-unsplash - Copy - Copy.jpg','doc/daniil-onischenko-OqaMSLO4lBI-unsplash - Copy - Copy.jpg','2023-02-23 06:57:29','2023-02-23 06:57:29'),(130,4,'highpostform (1).doc','doc/highpostform (1).doc','2023-02-23 08:21:53','2023-02-23 08:21:53'),(131,4,'COC Operations (06-09-18).xlsx','doc/COC Operations (06-09-18).xlsx','2023-02-23 09:11:33','2023-02-23 09:11:33'),(132,4,'0223202309150563f72e99b1f28.png','2023/02/0223202309150563f72e99b1f28.png','2023-02-23 09:15:06','2023-02-23 09:15:06'),(133,1,'0304202301134164029b45b9253.jpeg','2023/03/0304202301134164029b45b9253.jpeg','2023-03-04 01:13:41','2023-03-04 01:13:41'),(134,1,'0304202301135664029b542b6a3.jpeg','2023/03/0304202301135664029b542b6a3.jpeg','2023-03-04 01:13:56','2023-03-04 01:13:56'),(135,35,'Screenshot 2023-07-24 at 15.44.01.png','doc/Screenshot 2023-07-24 at 15.44.01.png','2023-08-01 12:44:40','2023-08-01 12:44:40');
/*!40000 ALTER TABLE `fileuploads` ENABLE KEYS */;
UNLOCK TABLES;

--
-- Table structure for table `members`
--

DROP TABLE IF EXISTS `members`;
/*!40101 SET @saved_cs_client     = @@character_set_client */;
/*!50503 SET character_set_client = utf8mb4 */;
CREATE TABLE `members` (
  `id` bigint unsigned NOT NULL AUTO_INCREMENT,
  `photo` longtext COLLATE utf8mb4_unicode_ci,
  `name` varchar(191) COLLATE utf8mb4_unicode_ci NOT NULL,
  `designation` varchar(191) COLLATE utf8mb4_unicode_ci NOT NULL,
  `facebook_url` text COLLATE utf8mb4_unicode_ci NOT NULL,
  `twitter_url` text COLLATE utf8mb4_unicode_ci NOT NULL,
  `linkedin_url` text COLLATE utf8mb4_unicode_ci NOT NULL,
  `status` int NOT NULL DEFAULT '1',
  `created_at` timestamp NULL DEFAULT NULL,
  `updated_at` timestamp NULL DEFAULT NULL,
  PRIMARY KEY (`id`)
) ENGINE=InnoDB AUTO_INCREMENT=3 DEFAULT CHARSET=utf8mb4 COLLATE=utf8mb4_unicode_ci;
/*!40101 SET character_set_client = @saved_cs_client */;

--
-- Dumping data for table `members`
--

LOCK TABLES `members` WRITE;
/*!40000 ALTER TABLE `members` DISABLE KEYS */;
INSERT INTO `members` VALUES (1,'[\"2023\\/03\\/0304202301135664029b542b6a3.jpeg\"]','ayomi ranasinghe','assd','aswqre','SEQW','wqe',1,'2023-02-23 06:06:46','2023-03-04 01:15:28'),(2,'[\"2023\\/03\\/0304202301135664029b542b6a3.jpeg\"]','Ruwan gunawardena','Director','aswqre','SEQW','wqe',1,'2023-02-23 06:09:10','2023-03-04 01:13:59');
/*!40000 ALTER TABLE `members` ENABLE KEYS */;
UNLOCK TABLES;

--
-- Table structure for table `migrations`
--

DROP TABLE IF EXISTS `migrations`;
/*!40101 SET @saved_cs_client     = @@character_set_client */;
/*!50503 SET character_set_client = utf8mb4 */;
CREATE TABLE `migrations` (
  `id` int unsigned NOT NULL AUTO_INCREMENT,
  `migration` varchar(255) COLLATE utf8mb4_unicode_ci NOT NULL,
  `batch` int NOT NULL,
  PRIMARY KEY (`id`)
) ENGINE=InnoDB AUTO_INCREMENT=38 DEFAULT CHARSET=utf8mb4 COLLATE=utf8mb4_unicode_ci;
/*!40101 SET character_set_client = @saved_cs_client */;

--
-- Dumping data for table `migrations`
--

LOCK TABLES `migrations` WRITE;
/*!40000 ALTER TABLE `migrations` DISABLE KEYS */;
INSERT INTO `migrations` VALUES (1,'2014_10_12_000000_create_users_table',1),(2,'2014_10_12_100000_create_password_resets_table',1),(3,'2019_08_19_000000_create_failed_jobs_table',1),(4,'2019_12_14_000001_create_personal_access_tokens_table',1),(5,'2022_06_22_185652_create_organization_table',1),(6,'2022_06_22_193100_create_tag_tables',1),(7,'2022_06_23_055914_create_projects_table',1),(8,'2022_06_23_060042_create_data_learning_materials_table',1),(9,'2022_06_23_061634_create_classifieds_table',1),(10,'2022_06_23_061712_create_project_events_opportunities_table',1),(11,'2022_07_05_210442_create_role_table',1),(12,'2022_07_05_211004_create_role_user_table',1),(13,'2022_07_05_211100_create_organization_users_table',1),(14,'2022_07_05_211129_create_organization_projects_table',1),(15,'2022_08_13_040758_create_organization_types_table',1),(16,'2022_08_18_013039_create_tag_types_table',1),(17,'2022_09_17_195953_create_fileuploads_table',1),(18,'2022_11_23_144053_create_pages_table',1),(19,'2022_11_23_171136_create_page_fields_table',1),(20,'2022_11_30_214606_create_members_table',1),(21,'2022_12_10_055226_add_org_id_to_projects_table',2),(22,'2022_12_13_210027_add_logo_to_organizations_table',3),(23,'2023_01_05_151734_add_ongoing_to_projects_table',4),(24,'2023_01_05_152137_add_overview_col_to_organizations_table',4),(25,'2023_01_05_152437_add_overview_col_to_project_events_opportunities_table',4),(26,'2023_01_05_152527_add_overview_col_to_data_learning_materials_table',4),(27,'2023_01_05_152557_add_overview_col_to_classifieds_table',4),(28,'2023_01_06_020452_changesize_to_projects_table',5),(29,'2023_01_06_051545_changesize_to_project_events_opportunities_table',5),(30,'2023_01_06_051856_changes_to_data_learning_materials_table',5),(31,'2023_01_06_051955_changes_to_classifieds_table',5),(32,'2023_01_06_052134_changes_to_organizations_table',5),(33,'2023_01_06_074240_changes2_to_organizations_table',5),(34,'2023_01_06_074416_changes2_to_projects_table',5),(35,'2023_01_15_040511_add_whatulllearn_contents_fields_to_data_learning_materials_table',6),(36,'2023_02_23_025247_add_organization_id_to_classifieds_table',7),(37,'2023_02_24_062344_create_org_members_table',8);
/*!40000 ALTER TABLE `migrations` ENABLE KEYS */;
UNLOCK TABLES;

--
-- Table structure for table `org_members`
--

DROP TABLE IF EXISTS `org_members`;
/*!40101 SET @saved_cs_client     = @@character_set_client */;
/*!50503 SET character_set_client = utf8mb4 */;
CREATE TABLE `org_members` (
  `id` bigint unsigned NOT NULL AUTO_INCREMENT,
  `created_at` timestamp NULL DEFAULT NULL,
  `updated_at` timestamp NULL DEFAULT NULL,
  `user_id` bigint unsigned NOT NULL DEFAULT '0',
  `organization_id` bigint unsigned NOT NULL DEFAULT '0',
  `status` tinyint NOT NULL DEFAULT '0',
  PRIMARY KEY (`id`)
) ENGINE=InnoDB AUTO_INCREMENT=3 DEFAULT CHARSET=utf8mb4 COLLATE=utf8mb4_unicode_ci;
/*!40101 SET character_set_client = @saved_cs_client */;

--
-- Dumping data for table `org_members`
--

LOCK TABLES `org_members` WRITE;
/*!40000 ALTER TABLE `org_members` DISABLE KEYS */;
INSERT INTO `org_members` VALUES (1,'2023-02-24 10:18:45','2023-02-24 10:18:53',28,3,1),(2,'2023-02-24 11:01:35','2023-02-24 11:02:06',29,3,1);
/*!40000 ALTER TABLE `org_members` ENABLE KEYS */;
UNLOCK TABLES;

--
-- Table structure for table `organization_projects`
--

DROP TABLE IF EXISTS `organization_projects`;
/*!40101 SET @saved_cs_client     = @@character_set_client */;
/*!50503 SET character_set_client = utf8mb4 */;
CREATE TABLE `organization_projects` (
  `id` bigint unsigned NOT NULL AUTO_INCREMENT,
  `project_id` bigint NOT NULL,
  `user_id` bigint NOT NULL,
  `created_at` timestamp NULL DEFAULT NULL,
  `updated_at` timestamp NULL DEFAULT NULL,
  PRIMARY KEY (`id`)
) ENGINE=InnoDB DEFAULT CHARSET=utf8mb4 COLLATE=utf8mb4_unicode_ci;
/*!40101 SET character_set_client = @saved_cs_client */;

--
-- Dumping data for table `organization_projects`
--

LOCK TABLES `organization_projects` WRITE;
/*!40000 ALTER TABLE `organization_projects` DISABLE KEYS */;
/*!40000 ALTER TABLE `organization_projects` ENABLE KEYS */;
UNLOCK TABLES;

--
-- Table structure for table `organization_types`
--

DROP TABLE IF EXISTS `organization_types`;
/*!40101 SET @saved_cs_client     = @@character_set_client */;
/*!50503 SET character_set_client = utf8mb4 */;
CREATE TABLE `organization_types` (
  `id` bigint unsigned NOT NULL AUTO_INCREMENT,
  `user_id` bigint unsigned NOT NULL,
  `type` text COLLATE utf8mb4_unicode_ci NOT NULL,
  `status` int NOT NULL DEFAULT '0',
  `created_at` timestamp NULL DEFAULT NULL,
  `updated_at` timestamp NULL DEFAULT NULL,
  PRIMARY KEY (`id`),
  KEY `organization_types_user_id_foreign` (`user_id`),
  CONSTRAINT `organization_types_user_id_foreign` FOREIGN KEY (`user_id`) REFERENCES `users` (`id`)
) ENGINE=InnoDB AUTO_INCREMENT=7 DEFAULT CHARSET=utf8mb4 COLLATE=utf8mb4_unicode_ci;
/*!40101 SET character_set_client = @saved_cs_client */;

--
-- Dumping data for table `organization_types`
--

LOCK TABLES `organization_types` WRITE;
/*!40000 ALTER TABLE `organization_types` DISABLE KEYS */;
INSERT INTO `organization_types` VALUES (1,1,'CSO/NGO',1,NULL,NULL),(2,1,'Academia',1,NULL,NULL),(3,1,'Research Institution',1,NULL,NULL),(4,1,'Private sector',1,NULL,NULL),(5,1,'Media',1,NULL,NULL),(6,1,'Donor',1,NULL,NULL);
/*!40000 ALTER TABLE `organization_types` ENABLE KEYS */;
UNLOCK TABLES;

--
-- Table structure for table `organization_users`
--

DROP TABLE IF EXISTS `organization_users`;
/*!40101 SET @saved_cs_client     = @@character_set_client */;
/*!50503 SET character_set_client = utf8mb4 */;
CREATE TABLE `organization_users` (
  `id` bigint unsigned NOT NULL AUTO_INCREMENT,
  `organization_id` bigint NOT NULL,
  `user_id` bigint NOT NULL,
  `status` int NOT NULL DEFAULT '2',
  `created_at` timestamp NULL DEFAULT NULL,
  `updated_at` timestamp NULL DEFAULT NULL,
  PRIMARY KEY (`id`)
) ENGINE=InnoDB AUTO_INCREMENT=39 DEFAULT CHARSET=utf8mb4 COLLATE=utf8mb4_unicode_ci;
/*!40101 SET character_set_client = @saved_cs_client */;

--
-- Dumping data for table `organization_users`
--

LOCK TABLES `organization_users` WRITE;
/*!40000 ALTER TABLE `organization_users` DISABLE KEYS */;
INSERT INTO `organization_users` VALUES (1,5,6,2,'2022-12-10 11:09:35','2022-12-10 11:09:35'),(2,6,7,2,'2022-12-10 12:35:35','2022-12-10 13:26:11'),(3,3,4,2,'2022-12-10 12:35:35','2022-12-10 12:35:35'),(4,2,2,2,'2022-12-10 12:35:35','2022-12-10 12:35:35'),(5,7,8,2,'2022-12-12 10:03:48','2022-12-12 10:03:48'),(6,8,9,2,'2022-12-12 11:44:02','2022-12-12 11:44:02'),(8,10,11,1,'2022-12-14 06:06:13','2022-12-14 06:08:59'),(9,11,12,2,'2022-12-14 11:10:45','2022-12-14 11:10:45'),(10,12,13,2,'2022-12-14 13:19:11','2022-12-14 13:19:11'),(11,13,14,2,'2022-12-14 13:20:17','2022-12-14 13:20:17'),(12,14,15,2,'2022-12-14 13:22:04','2022-12-14 13:22:04'),(13,15,16,2,'2022-12-14 13:23:03','2022-12-14 13:23:03'),(14,16,17,2,'2022-12-14 13:23:18','2022-12-14 13:23:18'),(15,17,18,2,'2022-12-14 13:24:52','2022-12-14 13:24:52'),(16,18,19,2,'2022-12-14 13:32:57','2022-12-14 13:32:57'),(17,19,20,2,'2023-01-06 03:36:42','2023-01-06 03:36:42'),(18,20,21,2,'2023-01-06 03:44:46','2023-01-06 03:44:46'),(19,21,22,2,'2023-01-11 04:10:03','2023-01-11 04:10:03'),(20,22,23,2,'2023-01-12 02:49:46','2023-01-12 02:49:46'),(28,1,32,2,'2023-03-07 04:16:06','2023-03-07 04:16:06'),(29,1,33,2,'2023-03-09 10:08:40','2023-03-09 10:08:40'),(30,1,1,2,NULL,NULL),(31,1,34,2,'2023-07-29 14:35:00','2023-07-29 14:35:00'),(32,1,35,2,'2023-08-01 12:31:53','2023-08-01 12:31:53'),(33,1,36,2,'2023-08-01 13:02:03','2023-08-01 13:02:03'),(34,1,39,2,'2023-08-01 13:50:24','2023-08-01 13:50:24'),(35,1,40,2,'2023-08-01 14:04:58','2023-08-01 14:04:58'),(36,1,41,2,'2023-08-01 14:20:09','2023-08-01 14:20:09'),(37,1,42,2,'2023-08-03 07:27:08','2023-08-03 07:27:08'),(38,25,43,2,'2023-08-04 15:09:42','2023-08-04 15:09:42');
/*!40000 ALTER TABLE `organization_users` ENABLE KEYS */;
UNLOCK TABLES;

--
-- Table structure for table `organizations`
--

DROP TABLE IF EXISTS `organizations`;
/*!40101 SET @saved_cs_client     = @@character_set_client */;
/*!50503 SET character_set_client = utf8mb4 */;
CREATE TABLE `organizations` (
  `id` bigint unsigned NOT NULL AUTO_INCREMENT,
  `user_id` bigint unsigned NOT NULL,
  `org_name` varchar(200) COLLATE utf8mb4_unicode_ci NOT NULL,
  `slug` varchar(255) COLLATE utf8mb4_unicode_ci NOT NULL,
  `org_type` int NOT NULL DEFAULT '0',
  `reg_number` varchar(50) COLLATE utf8mb4_unicode_ci DEFAULT NULL,
  `description` text COLLATE utf8mb4_unicode_ci,
  `org_size` varchar(25) COLLATE utf8mb4_unicode_ci DEFAULT NULL,
  `email` varchar(100) COLLATE utf8mb4_unicode_ci NOT NULL,
  `address` varchar(500) COLLATE utf8mb4_unicode_ci DEFAULT NULL,
  `social_media` longtext CHARACTER SET utf8mb4 COLLATE utf8mb4_bin NOT NULL,
  `website` varchar(100) COLLATE utf8mb4_unicode_ci DEFAULT NULL,
  `contact_number` varchar(25) COLLATE utf8mb4_unicode_ci DEFAULT NULL,
  `contact_person` varchar(50) COLLATE utf8mb4_unicode_ci DEFAULT NULL,
  `contact_nos_hod` varchar(100) COLLATE utf8mb4_unicode_ci DEFAULT NULL,
  `contact_name_hod` varchar(100) COLLATE utf8mb4_unicode_ci DEFAULT NULL,
  `contact_designation_hod` varchar(50) COLLATE utf8mb4_unicode_ci DEFAULT NULL,
  `contact_no_focalpoint` varchar(50) COLLATE utf8mb4_unicode_ci DEFAULT NULL,
  `contact_name_focalpoint` varchar(100) COLLATE utf8mb4_unicode_ci DEFAULT NULL,
  `contact_designation_focalpoint` varchar(50) COLLATE utf8mb4_unicode_ci DEFAULT NULL,
  `contact_nos_focalpoint` varchar(100) COLLATE utf8mb4_unicode_ci DEFAULT NULL,
  `contact_email_focalpoint` varchar(100) COLLATE utf8mb4_unicode_ci DEFAULT NULL,
  `contact_linkedin_focalpoint` varchar(255) COLLATE utf8mb4_unicode_ci DEFAULT NULL,
  `staffprofile_active_no` int DEFAULT NULL,
  `staffprofile_percentage_paid_staff` varchar(20) COLLATE utf8mb4_unicode_ci DEFAULT NULL,
  `staffprofile_volunteers_no` varchar(50) COLLATE utf8mb4_unicode_ci DEFAULT NULL,
  `primary_activities` varchar(255) COLLATE utf8mb4_unicode_ci DEFAULT NULL,
  `main_delivery_mode` varchar(255) COLLATE utf8mb4_unicode_ci DEFAULT NULL,
  `existing_profiles` varchar(255) COLLATE utf8mb4_unicode_ci DEFAULT NULL,
  `locations` longtext CHARACTER SET utf8mb4 COLLATE utf8mb4_bin NOT NULL,
  `district_id` int NOT NULL DEFAULT '1000',
  `city_id` int NOT NULL DEFAULT '1000',
  `status` int NOT NULL DEFAULT '2',
  `created_at` timestamp NULL DEFAULT NULL,
  `updated_at` timestamp NULL DEFAULT NULL,
  `deleted_at` timestamp NULL DEFAULT NULL,
  `org_logo` varchar(255) COLLATE utf8mb4_unicode_ci NOT NULL,
  `overview` varchar(255) COLLATE utf8mb4_unicode_ci DEFAULT NULL,
  `extra_address` text COLLATE utf8mb4_unicode_ci,
  `uploads` longtext CHARACTER SET utf8mb4 COLLATE utf8mb4_bin,
  `photos` longtext CHARACTER SET utf8mb4 COLLATE utf8mb4_bin,
  PRIMARY KEY (`id`),
  KEY `organizations_user_id_foreign` (`user_id`),
  FULLTEXT KEY `organizations_org_name_fulltext` (`org_name`),
  FULLTEXT KEY `organizations_description_fulltext` (`description`),
  CONSTRAINT `organizations_user_id_foreign` FOREIGN KEY (`user_id`) REFERENCES `users` (`id`)
) ENGINE=InnoDB AUTO_INCREMENT=26 DEFAULT CHARSET=utf8mb4 COLLATE=utf8mb4_unicode_ci;
/*!40101 SET character_set_client = @saved_cs_client */;

--
-- Dumping data for table `organizations`
--

LOCK TABLES `organizations` WRITE;
/*!40000 ALTER TABLE `organizations` DISABLE KEYS */;
INSERT INTO `organizations` VALUES (1,1,'none','non-organization-record',1,'Trust150','Vision\r To spearhead the protection of Sri Lanka’s environment as an active member of the conservation community.\r \r Mission\r \r To effectively share knowledge and expertise to support environmental protection and sustainability.\r \r To connect different interest groups to consistently organize, mobilize, educate and campaign against environmental destruction\r \r To promote awareness and projects that are vital for the sustainability of the country’s environment.\r \r To Influence environmental policy through the conducting of research and knowledge enhancement.','11 - 30','kanchanafeo@gmail.com','49/8, Fife Road, Colombo 5','[{\"social_media\":\"https:\\/\\/www.facebook.com\\/feosrilanka\"},{\"social_media\":\"https:\\/\\/www.youtube.com\\/channel\\/UCgJ3FVhtdzP0dNhDmd5VAXw\"},{\"social_media\":\"https:\\/\\/www.instagram.com\\/federationofenvironmentalorgsl\\/?hl=en\"},{\"social_media\":\"https:\\/\\/twitter.com\\/feosrilanka\"}]','https://feosrilanka.org/','+94 766016554','Kanchanan Perera Kern','+94 77 444 3796','Dr Yohan Weerasuriya','Chairperson','+94 766016554','Kanchana Perera Kern','Programme Manager','+94 77 444 3796','kanchanafeo@gmail.com','https://www.linkedin.com/company/feo-sri-lanka/',16,'35','5','Environmental conservation work','Research and ground level implementation','https://feosrilanka.org/','[{\"lat\":6.88643505809753,\"lng\":79.86350917418753}]',1000,1,1,'2022-12-09 04:48:37','2022-12-13 07:56:59',NULL,'',NULL,NULL,'[]','[]'),(2,2,'Federation of Environmental Organisations','feosrilanka',1,'Trust150','Vision\n\n To spearhead the protection of Sri Lanka’s environment as an active member of the conservation community.\n \n Mission\n \n To effectively share knowledge and expertise to support environmental protection and sustainability.\n \n To connect different interest groups to consistently organize, mobilize, educate and campaign against environmental destruction\n \n To promote awareness and projects that are vital for the sustainability of the country’s environment.\n \n To Influence environmental policy through the conducting of research and knowledge enhancement.','11 - 30','kanchanafeo@gmail.com','49/8, Fife Road, Colombo 5','[{\"social_media\":\"https:\\/\\/www.facebook.com\\/feosrilanka\"},{\"social_media\":\"https:\\/\\/www.youtube.com\\/channel\\/UCgJ3FVhtdzP0dNhDmd5VAXw\"},{\"social_media\":\"https:\\/\\/www.instagram.com\\/federationofenvironmentalorgsl\\/?hl=en\"},{\"social_media\":\"https:\\/\\/twitter.com\\/feosrilanka\"}]','https://feosrilanka.org/','+94 766016554','Kanchanan Perera Kern','+94 77 444 3796','Dr Yohan Weerasuriya','Chairperson','+94 766016554','Kanchana Perera Kern','Programme Manager','+94 77 444 3796','kanchanafeo@gmail.com',NULL,16,'35','5','Environmental conservation work','Research and ground level implementation','https://feosrilanka.org/','[{\"lat\":6.88643505809753,\"lng\":79.86350917418753}]',1000,1,1,'2023-01-17 10:45:14','2023-01-17 10:45:14',NULL,'[\"2023\\/01\\/0117202310450063c67c2ce90a1.png\"]',NULL,NULL,'[]','[]'),(3,4,'Reforest Sri Lanka','reforestsrilanka',1,'ffdgdfgfdg','Sri Lankan citizens fighting climate change by using forest restoration and technology','31 - 60','info@reforestsrilanka.com','335a, Sangabogama Rd, Angunawala, Peradeniya','[{\"social_media\":\"http:\\/\\/fb.com\\/reforestsrilanka\"}]','https://reforestsrilanka.com/',NULL,NULL,NULL,NULL,NULL,NULL,NULL,NULL,NULL,NULL,NULL,NULL,NULL,NULL,NULL,NULL,NULL,'[{\"lat\":7.2777613802417696,\"lng\":80.63788400650945},{\"lat\":7.683546549698008,\"lng\":80.71926589909903}]',1000,1000,2,'2023-02-23 09:23:23','2023-02-23 09:23:23',NULL,'[\"2022\\/12\\/12142022024950639939ce0f3df.png\"]',NULL,NULL,'[]','[]'),(5,6,'The Pearl Protectors','thepearlprotectors639468efe24f1',1,NULL,'We are an organisation dedicated to the conservation and protection of the Sri Lankan coastal belt and marine life in all its forms. Striving to make a difference, by initiating educational programs, to actively implementing and taking part in a variety of projects, The Pearl Protectors uses its resources for the betterment of the natural habitat of Sri Lanka.\n\nWe consist of several dedicated professionals and a team of active volunteers which is continuously growing.','11 - 30','wave@pearlprotectors.org','Lake Road Boralasgamuwa','[{\"social_media\":\"https:\\/\\/www.facebook.com\\/pearlprotectors\"},{\"social_media\":null}]','https://www.pearlprotectors.org','0716355865','Don Muditha Katuwawala',NULL,NULL,NULL,NULL,NULL,NULL,NULL,NULL,NULL,22,NULL,'1600',NULL,NULL,NULL,'[{\"lat\":6.843814090799212,\"lng\":79.90276133389706},{\"lat\":6.843313428225114,\"lng\":79.90568163770939}]',1000,1000,1,'2022-12-16 18:04:57','2022-12-16 18:06:35',NULL,'[\"2022\\/12\\/12162022172256639ca970f404c.png\"]',NULL,NULL,'[]','[]'),(6,7,'The Environmental Foundation Guarantee Ltd','environmentalfoundation(guarantee)limited63947d1798347',1,NULL,'Environmental Foundation (Guarantee) Limited is a public interest litigation organization in Sri Lanka with the tagline \'Justice for Nature\', which has been in operation since 1981 with the objective of conserving Sri Lanka\'s natural resources through legal and scientific means. Our work ranges from litigation to conservation and scientific research, including collaborative efforts with government officials to develop national policies and legal reforms, implement projects and create awareness among the public.','11 - 30','mail@efl.lk','171, Sri Gnanendra Road, Nawala.','[{\"social_media\":\"https:\\/\\/www.instagram.com\\/environmentalfoundationlimited\\/\"},{\"social_media\":\"https:\\/\\/www.facebook.com\\/environmentalfoundation\"},{\"social_media\":\"https:\\/\\/twitter.com\\/efl_1981\"}]','http://www.efl.lk',NULL,NULL,NULL,NULL,NULL,NULL,NULL,NULL,NULL,NULL,'https://www.linkedin.com/company/environmental-foundation-ltd',19,'100',NULL,'Legal, Scientific Research, and Policy Analysis','Research & Analysis, Ground level implementation - PET Collection, Legal Action',NULL,'[{\"lat\":6.88644531020173,\"lng\":79.88923796158156},{\"lat\":6.887345355638991,\"lng\":79.88934531569184},{\"lat\":6.88765105112387,\"lng\":79.88929073786589}]',1000,1000,1,'2022-12-14 18:16:33','2022-12-14 18:16:33',NULL,'[]',NULL,NULL,'[]','[]'),(7,8,'Sri Lanka Girl Guides Association','srilankagirlguidesassociation6396fc8478d95',1,'L.55312','We are the largest voluntary organization working with girls and young women in the country. Our membership spreads over all nine provinces, in every district.\n\nOur Vision: To be recognized as a lead development organization for girls and young women.\nOur Mission: To enable girls and young women to develop their fullest potential as responsible citizens of the country and the world.','Over 100','girlguidessrilanka@gmail.com','10, Sir Marcus Fernando Mawatha, Colombo 7','[{\"social_media\":\"https:\\/\\/instagram.com\\/slgga_official?igshid=YmMyMTA2M2Y=\"},{\"social_media\":\"https:\\/\\/www.facebook.com\\/search\\/top?q=sri%20lanka%20girl%20guides%20(official)\"},{\"social_media\":\"https:\\/\\/www.youtube.com\\/@srilankagirlguidesassociat5284\\/featured\"}]',NULL,'0112695720','Dimanthi','0112695720','Sulari Jayawardena','Chief Commissioner',NULL,NULL,NULL,NULL,NULL,NULL,NULL,NULL,NULL,NULL,NULL,NULL,'[]',1000,1000,1,'2022-12-14 09:36:52','2022-12-14 10:13:52',NULL,'[]',NULL,NULL,'[]','[]'),(8,9,'Centre for Environmental Law and Policy (CELP)','centreforenvironmentallawandpolicy(celp)639714023e655',3,'Faculty of Law, University of Colombo.','The Centre for Environmental Law and Policy (CELP) of the University of Colombo, intends to create a platform for research, policy development and collaboration among different fields including science, geography, economics, political science and business studies to build an environmentally conscious society.',NULL,'celp@law.cmb.ac.lk','Centre for Environmental Law and Policy, Faculty of Law, University of Colombo, P.O. Box 1490, Colombo 3, Sri Lanka.','[{\"social_media\":\"https:\\/\\/www.youtube.com\\/@celp-centreforenvironmenta1120\"},{\"social_media\":\"https:\\/\\/www.facebook.com\\/celpuoc\\/\"},{\"social_media\":\"https:\\/\\/www.instagram.com\\/celp.srilanka\\/\"}]','https://celp.cmb.ac.lk/','+94112500942','Prof. (Dr.) Kokila Konasinghe','+94112500942','Prof. (Dr.) Kokila Konasinghe','Founding Director','+94112500942','Prof. (Dr.) Kokila Konasinghe','Founding Director',NULL,'celp@law.cmb.ac.lk','https://www.linkedin.com/in/celp-sri-lanka-98537223b/',25,NULL,NULL,'Research in Environmental Law and Policy','Research, Publication, Awareness','https://celp.cmb.ac.lk/our-team/','[{\"lat\":6.899851017161738,\"lng\":79.86168119843923}]',1000,1000,1,'2022-12-14 12:02:55','2022-12-14 12:02:55',NULL,'[\"2022\\/12\\/1214202207413263997e2ca67d7.jpeg\"]',NULL,NULL,'[]','[]'),(10,11,'Lanka Software Foundation','lankasoftwarefoundation639967d520c03',1,'GA249','Our mission is to build great open source tech solutions for Sri Lanka and beyond.','1 - 10','sherazad@opensource.lk',NULL,'[]',NULL,NULL,NULL,NULL,NULL,NULL,NULL,NULL,NULL,NULL,NULL,NULL,NULL,NULL,NULL,NULL,NULL,NULL,'[]',1000,1000,1,'2022-12-14 06:08:36','2022-12-14 06:08:36',NULL,'[]',NULL,NULL,'[]','[]'),(11,12,'Citizens\' Collective','citizenscollective6399af3566be5',1,'-','Civil rights group','11 - 30','hello@citizenlk.com',NULL,'[]',NULL,NULL,NULL,NULL,NULL,NULL,NULL,NULL,NULL,NULL,NULL,NULL,NULL,NULL,NULL,NULL,NULL,NULL,'[]',1000,1000,1,'2022-12-14 11:11:32','2022-12-14 11:11:32',NULL,'[]',NULL,NULL,'[]','[]'),(12,13,'Blue Resources Trust','blueresourcestrust6399cd4fc351a',1,'111111','Test','11 - 30','admin@blueresource.org',NULL,'[]',NULL,NULL,NULL,NULL,NULL,NULL,NULL,NULL,NULL,NULL,NULL,NULL,NULL,NULL,NULL,NULL,NULL,NULL,'[]',1000,1000,1,'2022-12-14 13:19:11','2022-12-14 13:19:11',NULL,'',NULL,NULL,'[]','[]'),(13,14,'Green Building Council of Sri Lanka (GBCSL)','greenbuildingcouncilofsrilanka(gbcsl)6399cd91dfecf',1,'-','The Green Building Council of Sri Lanka (GBCSL) is the Sri Lanka’s leading authority on implementing green concept and green building practices.','Over 100','gm.gbcsl@gmail.com',NULL,'[]',NULL,NULL,NULL,NULL,NULL,NULL,NULL,NULL,NULL,NULL,NULL,NULL,NULL,NULL,NULL,NULL,NULL,NULL,'[]',1000,1000,1,'2022-12-14 13:24:27','2022-12-14 13:24:27',NULL,'[\"2022\\/12\\/121420221324026399ce72352d1.jpeg\"]',NULL,NULL,'[]','[]'),(14,15,'Wildlife and Nature Protection Society of Sri Lanka (WNPS)','wildlifeandnatureprotectionsocietyofsrilanka(wnps)6399cdfc90fb7',1,'1968 Act 29','Wildlife and Nature Protection society is the third oldest conservation organization in the world and the first in Sri Lanka. We have 128th years of history.','11 - 30','research@wnpssl.org',NULL,'[]',NULL,NULL,NULL,NULL,NULL,NULL,NULL,NULL,NULL,NULL,NULL,NULL,NULL,NULL,NULL,NULL,NULL,NULL,'[]',1000,1000,1,'2022-12-14 13:22:04','2022-12-14 13:22:04',NULL,'',NULL,NULL,'[]','[]'),(15,16,'Rainforest Protectors of Sri Lanka','rainforestprotectorsofsrilanka6399ce37e78f0',4,'# 6/6/17/01/146','Rainforest Protectors of Sri Lanka is a non-profit environmental organization with a mission to protect the last remaining rainforests and threatened ecosystems in Sri Lanka including Sinharaja and Kanneliya rainforests through conservation projects and environmental activism primarily driven through volunteer support. Rainforest Protectors also engage in investigation, reporting and finding resolutions to urgent threats faced by our rainforests and wildlife through discussions with relevant authorities and stakeholders.','Over 100','rainforestprotectors@gmail.com',NULL,'[]',NULL,NULL,NULL,NULL,NULL,NULL,NULL,NULL,NULL,NULL,NULL,NULL,NULL,NULL,NULL,NULL,NULL,NULL,'[]',1000,1000,1,'2022-12-14 13:23:03','2022-12-14 13:23:03',NULL,'[]',NULL,NULL,'[]','[]'),(16,17,'The Institute for Monitoring and Evaluation','theinstituteformonitoringandevaluation6399ce46ca92c',4,'PV 102892','The Institute for Monitoring and Evaluation is a young institution, established in 2014 under the Companies Act of Sri Lanka with the exclusive purpose of bringing together experts from various disciplines to provide services for the State and Corporate sector institutions, Civil Society Organizations and the communities who are in need of ingenuous analysis, programs and evaluations on social, political, legal and economic disciplines to make a peaceful development in the country. \nTiME entered into the partnership with the Change the Game Academy in the Netherlands and have exclusive rights to conduct the training programs of the Change the Game Academy (CtGA -https://www.changethegameacademy.org/ \n   ) in Sri Lanka.  CtGA is the academic arm of the Wilde Ganzen Foundation in the Netherlands. Under this partnership, TiME is geared to build capacities of local CSOs and NGOs on the advocacy and lobby and Local Fund raising. Local Fundraising is a training module developed to find answers for the drying out of international funding to developing countries.  CtGA carries out these training programs in 15 countries in Africa, Asia, and Carribean region.\nTiME is working towards becoming a leading training institution in advocacy and lobbying and local fundraising in Sri Lanka.','1 - 10','sdaskara@gmail.com','17A, Campbell Terrace, Colombo 10, Sri Lanka','[]','http://www.institute.lk/','+94 77 2249423','Sheela Daskara','+94 777304172','Dr. Dayani Panagoda','Director','+94 772249423','Sheela Daskara','Chief Operations Officer',NULL,'sdaskara@gmail.com','https://www.linkedin.com/comm/in/sheela-daskara-00a38317?',NULL,NULL,NULL,NULL,NULL,NULL,'[]',1000,1000,1,'2022-12-19 09:11:41','2022-12-19 09:11:41',NULL,'[]',NULL,NULL,'[]','[]'),(17,18,'RARE - Rally for Animal Rights & Enviornment','rarerallyforanimalrights&enviornment6399cea48a795',1,'GA00257689','We are an animal rights advocacy organisation with a vision to create a world where all sentient beings have equal rights and autonomy. Founded in 2019, we are a registered Non Profit Association in Sri Lanka. \n\nSri Lanka is a biodiversity hotspot and home to asian elephant sub species Elephas maximus maximus and the species is listed \"Endangered\" by the IUCN. But Sri Lanka reports one of the worst human elephant conflict cases and one of the cruelest captive elephant industries of the world.\n\nRARE has been recognised as the voice of the Sri Lankan elephant by elephant advocates and elephant lovers across the globe. \n\nNot just elephants we work to expose and fight against cruelty inflicted on all animals, whether they are wild, domesticated, farm or companion animals and We strive to make human beings understand that non humans have rights to mother earth just like humans and that right is not less than that of the humans.','1 - 10','panchali.raredirector@gmail.com',NULL,'[]',NULL,NULL,NULL,NULL,NULL,NULL,NULL,NULL,NULL,NULL,NULL,NULL,NULL,NULL,NULL,NULL,NULL,NULL,'[]',1000,1000,1,'2022-12-14 13:30:36','2022-12-14 13:30:36',NULL,'[]',NULL,NULL,'[]','[]'),(18,19,'Rainforest Protectors Trust','rainforestprotectorstrust6399d0893f736',4,'# 6/6/17/01/146','Rainforest Protectors Trust focuses on saving real acres of rainforest in Sri Lanka through purchase and permanent conservation of privately held forest lands adjoining Sinharaja World Heritage Rainforest. Creating a Protected Buffer Zone for Sinharaja rainforest and a Biodiversity Forest Corridor to connect fragmented patches of forest to the North of Sinharaja is our top priority aimed at preventing encroachment of forest and deforestation.\n\nHaving lost more than 95% of the original rainforests during the past century, we are fighting against time to protect what is remaining in this vital ecosystem which is home to most of Sri Lanka\'s endemic and endangered flora and fauna.','Over 100','rainforestprotectorstrust@gmail.com',NULL,'[]',NULL,NULL,NULL,NULL,NULL,NULL,NULL,NULL,NULL,NULL,NULL,NULL,NULL,NULL,NULL,NULL,NULL,NULL,'[]',1000,1000,1,'2022-12-14 13:32:57','2022-12-14 13:32:57',NULL,'',NULL,NULL,'[]','[]'),(19,20,'Sri Lanka Association of Inbound Tour Operators','srilankaassociationofinboundtouroperators63b7974ad8f0d',4,'12442315235','The Sri Lanka Association of Inbound Tour Operators (SLAITO) is the apex body for the inbound tourism industry in Sri Lanka. SLAITO has been the most influential institution in guiding policymakers in Sri Lanka to overcome the challenges faced by the industry. The objective of SLAITO is to represent the interests of all stakeholders and ensure that Sri Lanka takes its rightful place in the global tourism community and provides sustainable tourism growth.','Over 100','maxime.slaitoyouth@gmail.com','Ceylon Chamber of Commerce, No 50 Navam Mawatha, Colombo 2','[{\"social_media\":\"https:\\/\\/www.facebook.com\\/slaitolive\"},{\"social_media\":\"https:\\/\\/www.instagram.com\\/slaito_insta\\/\"}]','https://www.slaito.com','0771929971','Maxime Wickramasinghe',NULL,'Nishad Wijetunga','President',NULL,NULL,NULL,NULL,NULL,NULL,NULL,NULL,NULL,'Sustainable Tourism Development','High Level Lobbying & Ground Level Implementation.','https://www.slaito.com','[{\"lat\":6.918484809298131,\"lng\":79.85002307414629}]',1000,1000,1,'2023-01-06 04:01:08','2023-01-06 04:01:08',NULL,'[\"2023\\/01\\/0106202304005263b79cf40d522.png\"]',NULL,NULL,'[]','[]'),(20,21,'Human Development Foundation of Sri Lanka','humandevelopmentfoundationofsrilanka63b7992e7e2b9',1,'L173002','Established in 1994 in the Badulla district, HDFSL is a well-established community based\nnon-governmental organisation which now functions as national level Social Enterprise \nwhich has initiated and successfully completed projects in districts of Hambantota,Matara and Colombo working with and under the purview of both local and \ninternational organisations such as Asian Development Bank (ADB), UNDP, Ministry of \nMahaweli Development & Environment, Environmental Authority and National Peace \nCouncil to name a few. HDFSL has an active member base of 600 who work on a voluntary \nbasis and a permanent staff base of 15 who are being paid and sustained for over a period \nof 29 years. The staffs at HDFSL are experienced, exposed and well-connected which has \nhelped the organisation to deliver the projects they undertake quit successfully and \nefficiently.\nRegistered under the NGO secretary office in all island.','Over 100','hdfofsl@gmail.com','265/1/B,watareka,padukka','[]',NULL,'0762545835',NULL,'0762545835','Sunethra','Marasinghe',NULL,NULL,NULL,NULL,NULL,NULL,NULL,NULL,NULL,NULL,NULL,NULL,'[]',1000,1000,1,'2023-01-06 13:05:53','2023-01-06 13:05:53',NULL,'[]',NULL,NULL,'[]','[]'),(21,22,'test org','testorg63be369b3d94d',3,'-','dfsdfsfd','11 - 30','test1@test.com',NULL,'[]',NULL,NULL,NULL,NULL,NULL,NULL,NULL,NULL,NULL,NULL,NULL,NULL,NULL,NULL,NULL,NULL,NULL,NULL,'[]',1000,1000,1,'2023-01-11 04:10:03','2023-01-11 04:10:03',NULL,'',NULL,NULL,'[]','[]'),(22,23,'Biodiversity Conservation and Research Circle','biodiversityconservationandresearchcircle63bf754a3b96e',1,'-','Organization involved in conservation activities and research related to environmental conservation and managment.','1 - 10','prakashtgsl@gmail.com',NULL,'[]',NULL,NULL,NULL,NULL,NULL,NULL,NULL,NULL,NULL,NULL,NULL,NULL,NULL,NULL,NULL,NULL,NULL,NULL,'[]',1000,1000,1,'2023-01-12 02:49:46','2023-01-12 02:49:46',NULL,'',NULL,NULL,'[]','[]'),(23,26,'Organization','organization63f716c2a0909',2,'123456789','Abcd','11 - 30','organization@feo.lk',NULL,'[]',NULL,NULL,NULL,NULL,NULL,NULL,NULL,NULL,NULL,NULL,NULL,NULL,NULL,NULL,NULL,NULL,NULL,NULL,'[{\"lat\":7.205063670002919,\"lng\":79.84206593852257}]',1000,1000,1,'2023-02-23 07:33:22','2023-02-23 07:34:19',NULL,'',NULL,NULL,'[]','[]'),(24,30,'testadmin','testadmin63fe99085b245',2,'testadmin','testadmin','11 - 30','testadmin@testadmin.com',NULL,'[]',NULL,NULL,NULL,NULL,NULL,NULL,NULL,NULL,NULL,NULL,NULL,NULL,NULL,NULL,NULL,NULL,NULL,NULL,'[]',1000,1000,1,'2023-03-01 00:15:04','2023-03-01 00:15:04',NULL,'',NULL,NULL,'[]','[]'),(25,43,'Enc1','enc164cd14b6471b3',4,'1234','This is a test organization','11 - 30','enc1@encyte.com',NULL,'',NULL,NULL,NULL,NULL,NULL,NULL,NULL,NULL,NULL,NULL,NULL,NULL,NULL,NULL,NULL,NULL,NULL,NULL,'',1000,1000,1,'2023-08-04 15:09:42','2023-08-04 15:09:42',NULL,'',NULL,NULL,NULL,NULL);
/*!40000 ALTER TABLE `organizations` ENABLE KEYS */;
UNLOCK TABLES;

--
-- Table structure for table `page_fields`
--

DROP TABLE IF EXISTS `page_fields`;
/*!40101 SET @saved_cs_client     = @@character_set_client */;
/*!50503 SET character_set_client = utf8mb4 */;
CREATE TABLE `page_fields` (
  `id` bigint unsigned NOT NULL AUTO_INCREMENT,
  `user_id` bigint unsigned NOT NULL,
  `template` varchar(100) COLLATE utf8mb4_unicode_ci NOT NULL,
  `field` varchar(100) COLLATE utf8mb4_unicode_ci NOT NULL,
  `value` longtext COLLATE utf8mb4_unicode_ci NOT NULL,
  `created_at` timestamp NULL DEFAULT NULL,
  `updated_at` timestamp NULL DEFAULT NULL,
  PRIMARY KEY (`id`),
  KEY `page_fields_user_id_foreign` (`user_id`),
  CONSTRAINT `page_fields_user_id_foreign` FOREIGN KEY (`user_id`) REFERENCES `users` (`id`)
) ENGINE=InnoDB AUTO_INCREMENT=21 DEFAULT CHARSET=utf8mb4 COLLATE=utf8mb4_unicode_ci;
/*!40101 SET character_set_client = @saved_cs_client */;

--
-- Dumping data for table `page_fields`
--

LOCK TABLES `page_fields` WRITE;
/*!40000 ALTER TABLE `page_fields` DISABLE KEYS */;
INSERT INTO `page_fields` VALUES (1,1,'home','explore_title','A library of environmental resources',NULL,'2022-12-08 06:28:40'),(2,1,'home','project_description','Who\'s who & what\'s up in the Lankan environment space',NULL,'2022-12-08 06:28:40'),(3,1,'home','data_description','A compendium',NULL,'2022-12-08 06:28:40'),(4,1,'home','resource_description','Employment opportunities, grants, suppliers and resource pool',NULL,'2022-12-08 06:28:40'),(5,1,'home','elearning_description','Educational material',NULL,'2022-12-08 06:28:40'),(6,1,'home','whatson_title','Events, volunteer opportunities, media & advocacy',NULL,'2022-12-08 06:28:40'),(7,1,'home','banners','[\"2022\\/12\\/121420221011396399a15b4aca7.jpeg\"]',NULL,'2023-02-23 07:01:53'),(8,1,'about','intro_main_text','Federation of Environmental Organisations',NULL,'2023-03-09 10:17:02'),(9,1,'about','intro_small_text','To effectively share knowledge and expertise to support environmental protection and sustainability.\n\nTo connect different interest groups to consistently organize, mobilize, educate and campaign against environmental destruction\n\nTo promote awareness and projects that are vital for the sustainability of the country’s environment.\n\nTo Influence environmental policy through the conducting of research and knowledge enhancement.',NULL,'2023-03-09 10:17:02'),(10,1,'about','chart_title','Vision',NULL,'2023-03-09 10:17:02'),(11,1,'about','chart_description','To spearhead the protection of Sri Lanka’s environment as an active member of the conservation community.',NULL,'2023-03-09 10:17:02'),(12,1,'about','main_description','To effectively share knowledge and expertise to support environmental protection and sustainability.\n\nTo connect different interest groups to consistently organize, mobilize, educate and campaign against environmental destruction\n\nTo promote awareness and projects that are vital for the sustainability of the country’s environment.\n\nTo Influence environmental policy through the conducting of research and knowledge enhancement.',NULL,'2023-03-09 10:17:02'),(13,1,'about','project_description','Our projects are scattered across the island where conservation is most needed',NULL,'2023-03-09 10:17:02'),(14,1,'about','members_description','{\"root\":{\"children\":[{\"children\":[{\"detail\":0,\"format\":1,\"mode\":\"normal\",\"style\":\"\",\"text\":\"Test description box centered\",\"type\":\"text\",\"version\":1}],\"direction\":\"ltr\",\"format\":\"center\",\"indent\":0,\"type\":\"paragraph\",\"version\":1}],\"direction\":\"ltr\",\"format\":\"\",\"indent\":0,\"type\":\"root\",\"version\":1}}',NULL,'2023-03-09 10:17:02'),(15,1,'about','main_banner','[\"2022\\/12\\/120820221215586391d57e94c96.jpeg\"]',NULL,'2023-03-09 10:17:02'),(16,1,'about','main_description_image','[\"2022\\/12\\/1208202206323863918506c264b.jpeg\"]',NULL,'2023-03-09 10:17:02'),(17,1,'about','our_trustees','[\"2022\\/12\\/120920220652046392db1438997.png\"]',NULL,'2023-03-09 10:17:02'),(18,1,'about','our_trustees_title','FEO Trustees',NULL,'2023-03-09 10:17:02'),(19,1,'about','our_team_title','FEO Team',NULL,'2023-01-17 10:37:25'),(20,1,'about','our_trustees_text','Dr Yohan Weerasuriya (Chair)\nKeith Wijesuriya (Secretary)\nNamal Kamalgoda (Treasurer)\nAshani Basnayake\nLalith Dassenaike\nTharuka Dissanaike\nDr Anila Dias Bandaranaike\nProf Enoka Kudavidanage\nVinod Malwatte\nProf Devaka Weerakoon',NULL,'2023-01-17 10:35:41');
/*!40000 ALTER TABLE `page_fields` ENABLE KEYS */;
UNLOCK TABLES;

--
-- Table structure for table `pages`
--

DROP TABLE IF EXISTS `pages`;
/*!40101 SET @saved_cs_client     = @@character_set_client */;
/*!50503 SET character_set_client = utf8mb4 */;
CREATE TABLE `pages` (
  `id` bigint unsigned NOT NULL AUTO_INCREMENT,
  `user_id` bigint unsigned NOT NULL,
  `title` varchar(191) COLLATE utf8mb4_unicode_ci NOT NULL,
  `slug` varchar(191) COLLATE utf8mb4_unicode_ci NOT NULL,
  `template` varchar(100) COLLATE utf8mb4_unicode_ci NOT NULL,
  `status` int NOT NULL DEFAULT '1',
  `created_at` timestamp NULL DEFAULT NULL,
  `updated_at` timestamp NULL DEFAULT NULL,
  PRIMARY KEY (`id`),
  KEY `pages_user_id_foreign` (`user_id`),
  CONSTRAINT `pages_user_id_foreign` FOREIGN KEY (`user_id`) REFERENCES `users` (`id`)
) ENGINE=InnoDB AUTO_INCREMENT=3 DEFAULT CHARSET=utf8mb4 COLLATE=utf8mb4_unicode_ci;
/*!40101 SET character_set_client = @saved_cs_client */;

--
-- Dumping data for table `pages`
--

LOCK TABLES `pages` WRITE;
/*!40000 ALTER TABLE `pages` DISABLE KEYS */;
INSERT INTO `pages` VALUES (1,1,'Home','','home',1,NULL,NULL),(2,1,'About','','about',1,NULL,NULL);
/*!40000 ALTER TABLE `pages` ENABLE KEYS */;
UNLOCK TABLES;

--
-- Table structure for table `password_resets`
--

DROP TABLE IF EXISTS `password_resets`;
/*!40101 SET @saved_cs_client     = @@character_set_client */;
/*!50503 SET character_set_client = utf8mb4 */;
CREATE TABLE `password_resets` (
  `email` varchar(255) COLLATE utf8mb4_unicode_ci NOT NULL,
  `token` varchar(255) COLLATE utf8mb4_unicode_ci NOT NULL,
  `created_at` timestamp NULL DEFAULT NULL,
  KEY `password_resets_email_index` (`email`)
) ENGINE=InnoDB DEFAULT CHARSET=utf8mb4 COLLATE=utf8mb4_unicode_ci;
/*!40101 SET character_set_client = @saved_cs_client */;

--
-- Dumping data for table `password_resets`
--

LOCK TABLES `password_resets` WRITE;
/*!40000 ALTER TABLE `password_resets` DISABLE KEYS */;
/*!40000 ALTER TABLE `password_resets` ENABLE KEYS */;
UNLOCK TABLES;

--
-- Table structure for table `personal_access_tokens`
--

DROP TABLE IF EXISTS `personal_access_tokens`;
/*!40101 SET @saved_cs_client     = @@character_set_client */;
/*!50503 SET character_set_client = utf8mb4 */;
CREATE TABLE `personal_access_tokens` (
  `id` bigint unsigned NOT NULL AUTO_INCREMENT,
  `tokenable_type` varchar(255) COLLATE utf8mb4_unicode_ci NOT NULL,
  `tokenable_id` bigint unsigned NOT NULL,
  `name` varchar(255) COLLATE utf8mb4_unicode_ci NOT NULL,
  `token` varchar(64) COLLATE utf8mb4_unicode_ci NOT NULL,
  `abilities` text COLLATE utf8mb4_unicode_ci,
  `last_used_at` timestamp NULL DEFAULT NULL,
  `created_at` timestamp NULL DEFAULT NULL,
  `updated_at` timestamp NULL DEFAULT NULL,
  PRIMARY KEY (`id`),
  UNIQUE KEY `personal_access_tokens_token_unique` (`token`),
  KEY `personal_access_tokens_tokenable_type_tokenable_id_index` (`tokenable_type`,`tokenable_id`)
) ENGINE=InnoDB AUTO_INCREMENT=383 DEFAULT CHARSET=utf8mb4 COLLATE=utf8mb4_unicode_ci;
/*!40101 SET character_set_client = @saved_cs_client */;

--
-- Dumping data for table `personal_access_tokens`
--

LOCK TABLES `personal_access_tokens` WRITE;
/*!40000 ALTER TABLE `personal_access_tokens` DISABLE KEYS */;
INSERT INTO `personal_access_tokens` VALUES (55,'App\\Models\\User',5,'test@test.com_token','d67ee89526b4bfa185b8739464b4171840d45c7b729f750ec52651af6774d7e0','[\"*\"]',NULL,'2022-12-10 09:39:25','2022-12-10 09:39:25'),(56,'App\\Models\\User',5,'test@test.com_token','2c56b08be8b16cfc3058659250e981641388bbe1edd7303ad961ed85b86c0e8a','[\"*\"]','2022-12-10 09:41:13','2022-12-10 09:39:35','2022-12-10 09:41:13'),(114,'App\\Models\\User',10,'test@test.com_token','9611797f888369aaf601a0acf985f393cd1a21006d0d50fa435050dfafb77260','[\"*\"]',NULL,'2022-12-14 03:50:35','2022-12-14 03:50:35'),(115,'App\\Models\\User',10,'test@test.com_token','fa7b3dff1d1bd2274317b0e9540f55689d640786caa3477ed0e8489784057ce5','[\"*\"]','2022-12-14 04:46:37','2022-12-14 03:50:39','2022-12-14 04:46:37'),(147,'App\\Models\\User',13,'admin@blueresource.org_token','de6e962759c69ce8518b7d02ba110ee7ea86dbb1b762590b4524b98ef320272f','[\"*\"]',NULL,'2022-12-14 13:19:11','2022-12-14 13:19:11'),(148,'App\\Models\\User',13,'admin@blueresource.org_token','fa5281af47b57d0eaa5070c30010ff178c44b8f2730093df94ecae28b6093001','[\"*\"]','2022-12-14 13:19:50','2022-12-14 13:19:36','2022-12-14 13:19:50'),(149,'App\\Models\\User',14,'gm.gbcsl@gmail.com_token','c95ad84d5816bbb3cbca2967cadde4daab01bc051904e0c18218f1223914bda8','[\"*\"]',NULL,'2022-12-14 13:20:17','2022-12-14 13:20:17'),(150,'App\\Models\\User',14,'gm.gbcsl@gmail.com_token','083c827f5ca4a738c6ce50b6a2ac9b7fe7b1d136f165a279d65c941d966d111c','[\"*\"]','2022-12-14 13:24:26','2022-12-14 13:20:46','2022-12-14 13:24:26'),(151,'App\\Models\\User',15,'research@wnpssl.org_token','d8b0aab12b615de4b5456e9a6dbc63e3f76e4dca3985592a8b50d86d755e6b77','[\"*\"]',NULL,'2022-12-14 13:22:04','2022-12-14 13:22:04'),(152,'App\\Models\\User',15,'research@wnpssl.org_token','55d77f8100d9b529e9a041c55d99bea40b8140c385d8ad937373cd8ad2491520','[\"*\"]','2023-01-05 10:29:26','2022-12-14 13:22:16','2023-01-05 10:29:26'),(155,'App\\Models\\User',17,'sdaskara@gmail.com_token','74b5c12e3795143c705c80996cbe3602ee5d00d4cb3ae506d5d7f80edecbcadd','[\"*\"]',NULL,'2022-12-14 13:23:18','2022-12-14 13:23:18'),(156,'App\\Models\\User',17,'sdaskara@gmail.com_token','0039e716140e468da9da34eadadb26996831bc6c79469a62680f5660bbf5e6a2','[\"*\"]','2022-12-14 13:30:09','2022-12-14 13:23:56','2022-12-14 13:30:09'),(157,'App\\Models\\User',18,'panchali.raredirector@gmail.com_token','def1b0bd078f7c1fbc1ac5480773805f5d4cba3985c020bb3822420cadbff9fd','[\"*\"]',NULL,'2022-12-14 13:24:52','2022-12-14 13:24:52'),(158,'App\\Models\\User',18,'panchali.raredirector@gmail.com_token','9e4afffc465230e9aef8458c00b44a19c562056e2069c5442faff5de7ed8373f','[\"*\"]','2022-12-14 13:31:06','2022-12-14 13:26:35','2022-12-14 13:31:06'),(159,'App\\Models\\User',19,'rainforestprotectorstrust@gmail.com_token','ecc08ad8c854c2c950549d5d93cc7e97a7127c7765138188eb091ccd89664c89','[\"*\"]',NULL,'2022-12-14 13:32:57','2022-12-14 13:32:57'),(160,'App\\Models\\User',19,'rainforestprotectorstrust@gmail.com_token','77eee8274364c8e9468bcedfeed9b955ad90b74a1355cecffeca13c23f319320','[\"*\"]','2022-12-14 13:33:03','2022-12-14 13:33:02','2022-12-14 13:33:03'),(166,'App\\Models\\User',6,'thepearlprotectors@gmail.com_token','b8670426037aad877e2580598590af92f6de18d8d4acc5f2949b6c61b9d35f6d','[\"*\"]','2022-12-16 18:07:30','2022-12-16 17:59:10','2022-12-16 18:07:30'),(167,'App\\Models\\User',17,'sdaskara@gmail.com_token','2dda37b0daa4dc194ecd287648417889e59da46abc3dcec304ec570f70039923','[\"*\"]','2022-12-19 09:13:02','2022-12-19 08:39:05','2022-12-19 09:13:02'),(169,'App\\Models\\User',13,'admin@blueresource.org_token','e55cf47d6b17ca0731b49608b2d3f8f744941b0b6f6c2bd73085e850da900d71','[\"*\"]','2023-01-03 04:06:47','2022-12-23 09:21:16','2023-01-03 04:06:47'),(189,'App\\Models\\User',13,'admin@blueresource.org_token','7c5f8a5a4b8666337521f2ac9bf20109f0fd3be09cbd8ebe26058891148be06b','[\"*\"]','2022-12-31 07:06:40','2022-12-31 07:05:55','2022-12-31 07:06:40'),(195,'App\\Models\\User',20,'maxime.slaitoyouth@gmail.com_token','6fb33196f4bd6ec1e18a8af307fd94d681c34d68f62a17eada941f36945550ea','[\"*\"]',NULL,'2023-01-06 03:36:42','2023-01-06 03:36:42'),(196,'App\\Models\\User',20,'maxime.slaitoyouth@gmail.com_token','014b83b3bd1dafeedd2ae882f0dd162f2cda14d5c4b8bd10f0573b68e92eb7ff','[\"*\"]','2023-01-06 04:01:08','2023-01-06 03:36:56','2023-01-06 04:01:08'),(197,'App\\Models\\User',21,'hdfofsl@gmail.com_token','ae13fb2952c8fd986216defca89112f484568ac76a1e80d1eff23be9bd21686c','[\"*\"]',NULL,'2023-01-06 03:44:46','2023-01-06 03:44:46'),(198,'App\\Models\\User',21,'hdfofsl@gmail.com_token','8803441a18898c838a212268c6b6bfba8b74607b0ac6d4e5c11e08b8a8606f03','[\"*\"]','2023-01-06 13:05:53','2023-01-06 03:44:56','2023-01-06 13:05:53'),(241,'App\\Models\\User',23,'prakashtgsl@gmail.com_token','77ddd38e53dc4876a9efb67498b90d72f1fedc666146ee673edffccc7f50f5a6','[\"*\"]',NULL,'2023-01-12 02:49:46','2023-01-12 02:49:46'),(242,'App\\Models\\User',23,'prakashtgsl@gmail.com_token','014ceb1134816056a7cfb06faa671bcbcb863b2009b89c38f7ae4802d611e1e8','[\"*\"]','2023-01-12 02:50:03','2023-01-12 02:50:03','2023-01-12 02:50:03'),(274,'App\\Models\\User',24,'kaveeshcharuka@gmail.com_token','0a48a66c7c0ab295bce4a7eabf8cf1cf9fb3b36f8946b5cb822a89ad0b2eebc7','[\"*\"]','2023-03-01 13:36:49','2023-02-09 13:13:49','2023-03-01 13:36:49'),(301,'App\\Models\\User',25,'ayomi@gmail.com_token','73c8ec84a9d2701268fd76f38d2c01f942184cc2247f55893b910ab8eec80c7f','[\"*\"]','2023-02-23 08:10:25','2023-02-23 07:15:52','2023-02-23 08:10:25'),(314,'App\\Models\\User',27,'testindi1@t.com_token','c7f4f8386e4fa72f20f61e099907eb8055eb204418744e4a96cc663ec72726fd','[\"*\"]',NULL,'2023-02-24 09:18:50','2023-02-24 09:18:50'),(315,'App\\Models\\User',27,'testindi1@t.com_AdminUsertoken','c18101ff04323fa661e6e2ecd8dbd7a72e5b83bde0e39722084d2445eb00da0c','[\"server:adminUser\"]','2023-02-24 09:20:12','2023-02-24 09:19:02','2023-02-24 09:20:12'),(318,'App\\Models\\User',28,'testUser1@t.com_token','37d20ec75e275b825bc1cf13ef89e1313058d378488ae4fa94ceadb32f10e942','[\"*\"]',NULL,'2023-02-24 10:17:24','2023-02-24 10:17:24'),(319,'App\\Models\\User',28,'testUser1@t.com_AdminUsertoken','1f131658158a0bec4d63741522a59740107442941f1fa7697e5f5d452731a45e','[\"server:adminUser\"]','2023-02-24 10:19:16','2023-02-24 10:17:33','2023-02-24 10:19:16'),(321,'App\\Models\\User',29,'individualUser123@t.com_token','5b4466d8b3289ea058d77f9d4ba53bd075ad1a670b6bd79c41f665164d1fac69','[\"*\"]',NULL,'2023-02-24 11:00:48','2023-02-24 11:00:48'),(322,'App\\Models\\User',29,'individualUser123@t.com_AdminUsertoken','17d67efcdefd9cd152827130087fa29f64344fadf939ad3213e5879d0044043d','[\"server:adminUser\"]','2023-02-24 11:03:09','2023-02-24 11:01:00','2023-02-24 11:03:09'),(323,'App\\Models\\User',30,'testadmin@testadmin.com_token','bdae5b56bd9b416d6f83286b28d432accc22114f8ac6aa688fb8ce772d1add50','[\"*\"]',NULL,'2023-03-01 00:15:04','2023-03-01 00:15:04'),(324,'App\\Models\\User',30,'testadmin@testadmin.com_SuperUsertoken','85bb7648bf66350f1d7ab00d33a1c1f5ce0a865498811708fa530356c714ee6c','[\"server:superUser\"]',NULL,'2023-03-01 00:15:54','2023-03-01 00:15:54'),(325,'App\\Models\\User',30,'testadmin@testadmin.com_token','7d9b347cdabf40089d4a3bed3087496586028e147c049bbd892122d4a8d468f6','[\"*\"]','2023-03-01 00:16:11','2023-03-01 00:15:54','2023-03-01 00:16:11'),(326,'App\\Models\\User',30,'testadmin@testadmin.com_SuperUsertoken','4a70c6b539793fbc29956a148de8392150ca620281f55dd9aa00b5a29fc56eb0','[\"server:superUser\"]',NULL,'2023-03-01 00:16:21','2023-03-01 00:16:21'),(327,'App\\Models\\User',30,'testadmin@testadmin.com_token','d87e97654783e493f3bc46edd5a0ec067fe89ea6ecf321280a6972fb35656467','[\"*\"]','2023-03-01 00:17:06','2023-03-01 00:16:21','2023-03-01 00:17:06'),(337,'App\\Models\\User',30,'testadmin@testadmin.com_SuperUsertoken','e34df807feb241a7027270127d8a6017d1a924ce37e32e7262ade5d616c5fbca','[\"server:superUser\"]',NULL,'2023-03-01 15:57:59','2023-03-01 15:57:59'),(338,'App\\Models\\User',30,'testadmin@testadmin.com_token','386171c1a9ba41ed6ec2e67dd69f2f2608b861fc930ce8ba0735de4b30454848','[\"*\"]','2023-03-02 03:00:28','2023-03-01 15:57:59','2023-03-02 03:00:28'),(341,'App\\Models\\User',31,'admin1@feo.lk_token','ad5181361209444320e337637785559cd56d6c9dea82168d5b30e061347577b4','[\"*\"]',NULL,'2023-03-04 00:44:01','2023-03-04 00:44:01'),(342,'App\\Models\\User',31,'admin1@feo.lk_token','71bebb3a2e0d9dab3af71367c91b848a75b8a6e028c6f7bd821a15b6e2d2680c','[\"*\"]',NULL,'2023-03-04 00:44:15','2023-03-04 00:44:15'),(343,'App\\Models\\User',31,'admin1@feo.lk_SuperUsertoken','f00b8e073007ca666f0d43e973c111350dd5d126afa3aa9264a0ca908185bf07','[\"server:superUser\"]',NULL,'2023-03-04 01:13:26','2023-03-04 01:13:26'),(344,'App\\Models\\User',31,'admin1@feo.lk_token','034a7db4e010bae6631c0f99fe767c61467dae554a7d0c37df9028c233e9ac1e','[\"*\"]','2023-03-04 01:15:28','2023-03-04 01:13:26','2023-03-04 01:15:28'),(345,'App\\Models\\User',32,'sam@gmail.com_token','7d2d07011febbc75f33ce065bfd210869be35f35db495f1b52ffdc14c04c0711','[\"*\"]',NULL,'2023-03-07 04:16:06','2023-03-07 04:16:06'),(346,'App\\Models\\User',32,'sam@gmail.com_token','b8c327aecf0e1df844108649eb4ddb37e17cea099a53ddea16a144bcc16da4ff','[\"*\"]','2023-03-07 04:19:40','2023-03-07 04:16:22','2023-03-07 04:19:40'),(348,'App\\Models\\User',33,'testpass@test.com_token','c763e46bc32e54e6d13430a7c639d7e646e861a01e820a2f303a72cdb1a17863','[\"*\"]',NULL,'2023-03-09 10:08:40','2023-03-09 10:08:40'),(349,'App\\Models\\User',33,'testpass@test.com_token','bf157eab8233ed585b5df157006f58511b8019362d0652e4858fb849e2642567','[\"*\"]',NULL,'2023-03-09 10:11:06','2023-03-09 10:11:06'),(364,'App\\Models\\User',4,'info@reforestsrilanka.com_AdminUsertoken','e63fc978cc6cf6f6dd4a917698fd18f1b352170638c83f75ebbdeb09841fb5ba','[\"server:adminUser\"]','2023-03-12 04:48:22','2023-03-12 04:48:16','2023-03-12 04:48:22'),(370,'App\\Models\\User',34,'alexi.crenin@gmail.com_token','ee51f67cc0f5e97e50ba8b6a2cf48822876015db54aa71ae548e52e373a84366','[\"*\"]',NULL,'2023-07-29 14:56:00','2023-07-29 14:56:00'),(377,'App\\Models\\User',39,'test5@encyteus.com_token','cfc2c324fb0b395ac859fa9c9c677a212867c9d854a80c7e0be6b0d3c8071834','[\"*\"]',NULL,'2023-08-01 13:50:24','2023-08-01 13:50:24'),(378,'App\\Models\\User',40,'test6@encyteus.com_token','602bed9cd50b23c3c1d80b5786f4c38b0d68ed8f18fdbcd15c475f5f62098ad9','[\"*\"]',NULL,'2023-08-01 14:04:58','2023-08-01 14:04:58'),(379,'App\\Models\\User',41,'test7@encyte.com_token','c9d47a903260a22313da8644d23a314f30a7a3a54e67a70336e24bb38491b8a0','[\"*\"]',NULL,'2023-08-01 14:20:09','2023-08-01 14:20:09'),(381,'App\\Models\\User',42,'test3@encyte.com_token','4997aafbbc1b61a5d0fbbef65ebc9578cebec5ea4e502879b73c2e1c127346db','[\"*\"]',NULL,'2023-08-03 07:27:08','2023-08-03 07:27:08'),(382,'App\\Models\\User',43,'enc1@encyte.com_token','390b8aa14b29ade91a2f3151a9cbf71bdedd2b0a4638964132652af3ee608bb6','[\"*\"]','2023-08-07 07:46:07','2023-08-04 15:09:42','2023-08-07 07:46:07');
/*!40000 ALTER TABLE `personal_access_tokens` ENABLE KEYS */;
UNLOCK TABLES;

--
-- Table structure for table `project_events_opportunities`
--

DROP TABLE IF EXISTS `project_events_opportunities`;
/*!40101 SET @saved_cs_client     = @@character_set_client */;
/*!50503 SET character_set_client = utf8mb4 */;
CREATE TABLE `project_events_opportunities` (
  `id` bigint unsigned NOT NULL AUTO_INCREMENT,
  `created_at` timestamp NULL DEFAULT NULL,
  `updated_at` timestamp NULL DEFAULT NULL,
  `user_id` bigint unsigned NOT NULL,
  `organization_id` bigint unsigned NOT NULL,
  `project_id` bigint unsigned NOT NULL,
  `type` tinyint NOT NULL DEFAULT '1',
  `title` varchar(300) COLLATE utf8mb4_unicode_ci NOT NULL,
  `slug` varchar(255) COLLATE utf8mb4_unicode_ci NOT NULL,
  `route` varchar(100) COLLATE utf8mb4_unicode_ci DEFAULT NULL,
  `description` text COLLATE utf8mb4_unicode_ci,
  `start_date_time` datetime DEFAULT NULL,
  `end_time_time` datetime DEFAULT NULL,
  `uploads` longtext CHARACTER SET utf8mb4 COLLATE utf8mb4_bin,
  `locations` longtext CHARACTER SET utf8mb4 COLLATE utf8mb4_bin,
  `district_id` int NOT NULL DEFAULT '0',
  `city_id` int NOT NULL DEFAULT '0',
  `deleted_at` timestamp NULL DEFAULT NULL,
  `overview` varchar(255) COLLATE utf8mb4_unicode_ci DEFAULT NULL,
  `photos` longtext CHARACTER SET utf8mb4 COLLATE utf8mb4_bin,
  PRIMARY KEY (`id`),
  KEY `project_events_opportunities_user_id_foreign` (`user_id`),
  FULLTEXT KEY `project_events_opportunities_title_fulltext` (`title`),
  FULLTEXT KEY `project_events_opportunities_description_fulltext` (`description`),
  CONSTRAINT `project_events_opportunities_user_id_foreign` FOREIGN KEY (`user_id`) REFERENCES `users` (`id`)
) ENGINE=InnoDB AUTO_INCREMENT=21 DEFAULT CHARSET=utf8mb4 COLLATE=utf8mb4_unicode_ci;
/*!40101 SET character_set_client = @saved_cs_client */;

--
-- Dumping data for table `project_events_opportunities`
--

LOCK TABLES `project_events_opportunities` WRITE;
/*!40000 ALTER TABLE `project_events_opportunities` DISABLE KEYS */;
INSERT INTO `project_events_opportunities` VALUES (4,'2022-12-13 16:17:19','2022-12-13 16:17:19',2,0,1,1,'Career guidance: Lunugamvehera schools programme','careerguidance:lunugamveheraschoolsprogramme6398a58f5f809','A1 -> A2','{\n   \"root\":{\n      \"children\":[\n         {\n            \"children\":[\n               {\n                  \"detail\":0,\n                  \"format\":0,\n                  \"mode\":\"normal\",\n                  \"style\":\"\",\n                  \"text\":\"FEO conducted an year end workshop for the 4 schools we work with in Lunugamvehera. Hosted at Thanamalwila National School with the participation of Oyagawa Ranawarnawa,  Kithulkotte Maha Vidyalaya and Bodagama Maha Vidyalaya. The following areas were covered at the workshop, - Jobs opportunities and Conservation careers by Prof. Enoka Priyadarshani Kudavidanage - Leadership and Soft Skills development by Samadhi Premasiri from Centre For Environmental Justice - An introduction to Environmental Law by Dilena Pathragoda also from Center for Environmental Justice - The World of Elephants by Supun Lahiru Prakash The students were devided into groups to present creative solutions to various environmental problems they face. The kids’ creative expressions were very admirable. FEO will continue working with these young conservationist with the hope that they will bring much needed change in the future.\",\n                  \"type\":\"text\",\n                  \"version\":1\n               }\n            ],\n            \"direction\":\"ltr\",\n            \"format\":\"\",\n            \"indent\":0,\n            \"type\":\"paragraph\",\n            \"version\":1\n         }\n      ],\n      \"direction\":\"ltr\",\n      \"format\":\"\",\n      \"indent\":0,\n      \"type\":\"root\",\n      \"version\":1\n   }\n}','2022-12-05 00:00:00','2022-12-07 00:00:00','null','[{\"lat\":7.903511015036512,\"lng\":80.92263599281202}]',18,139,NULL,'FEO conducted an year end workshop for the 4 schools we work with in Lunugamvehera.','null'),(6,'2022-12-12 17:08:18','2022-12-12 17:08:18',2,0,1,3,'Volunteering with FEO (a range of opportunities)','volunteeringwithfeo(arangeofopportunities)6397600238324',NULL,'{\n   \"root\":{\n      \"children\":[\n         {\n            \"children\":[\n               {\n                  \"detail\":0,\n                  \"format\":0,\n                  \"mode\":\"normal\",\n                  \"style\":\"\",\n                  \"text\":\"We are currently on the lookout for volunteers for various projects. Please get in touch with us : Kanchana : +94 766016554\",\n                  \"type\":\"text\",\n                  \"version\":1\n               }\n            ],\n            \"direction\":\"ltr\",\n            \"format\":\"\",\n            \"indent\":0,\n            \"type\":\"paragraph\",\n            \"version\":1\n         }\n      ],\n      \"direction\":\"ltr\",\n      \"format\":\"\",\n      \"indent\":0,\n      \"type\":\"root\",\n      \"version\":1\n   }\n}','2022-12-15 00:00:00','2023-01-31 00:00:00','null','[{\"lat\":6.869298188197227,\"lng\":79.8862778965165},{\"lat\":6.886514943858022,\"lng\":79.86351135707736}]',5,1840,NULL,'Looking for volunteers.','[]'),(7,'2022-12-13 16:17:46','2022-12-13 16:17:46',2,0,18,2,'Other State Forests  (OSF) - Advocacy material','otherstateforests(osf)-advocacymaterial6398a5aa357d3',NULL,'{\n   \"root\":{\n      \"children\":[\n         {\n            \"children\":[\n               {\n                  \"detail\":0,\n                  \"format\":0,\n                  \"mode\":\"normal\",\n                  \"style\":\"\",\n                  \"text\":\"OSF 2021\",\n                  \"type\":\"text\",\n                  \"version\":1\n               }\n            ],\n            \"direction\":\"ltr\",\n            \"format\":\"\",\n            \"indent\":0,\n            \"type\":\"paragraph\",\n            \"version\":1\n         }\n      ],\n      \"direction\":\"ltr\",\n      \"format\":\"\",\n      \"indent\":0,\n      \"type\":\"root\",\n      \"version\":1\n   }\n}','2021-03-22 00:00:00','2021-03-31 00:00:00','null','[]',5,1,NULL,'OSF 2021','[]'),(8,'2022-12-10 11:29:30','2022-12-10 11:29:30',6,0,1,3,'PET Bottle Christmas Tree','petbottlechristmastree63946d9a0d50b','Wellawatta','{\n   \"root\":{\n      \"children\":[\n         {\n            \"children\":[\n               {\n                  \"detail\":0,\n                  \"format\":0,\n                  \"mode\":\"normal\",\n                  \"style\":\"\",\n                  \"text\":\"For the 4th year, The Pearl Protectors will constructing a PET Bottle Christmas tree made of Plastic Bottles collected from the shorelines of Sri Lanka. This Christmas, the tree will be constructed at Wellawatta Beach with the support of volunteers from The Pearl Protectors and in partnership with Zero Trash LK.  Join in to help construct the Christmas tree that will stand 12 feet high. Your volunteer contribution will help light up this Christmas with the message of reducing the use of \'Single use Plastic\'. Lets help protect our marine environment while advocating for the reduction of Plastic!.\",\n                  \"type\":\"text\",\n                  \"version\":1\n               }\n            ],\n            \"direction\":\"ltr\",\n            \"format\":\"\",\n            \"indent\":0,\n            \"type\":\"paragraph\",\n            \"version\":1\n         }\n      ],\n      \"direction\":\"ltr\",\n      \"format\":\"\",\n      \"indent\":0,\n      \"type\":\"root\",\n      \"version\":1\n   }\n}','2022-12-21 00:00:00','2022-12-24 00:00:00','null','[{\"lat\":6.873583927063308,\"lng\":79.85752808250083}]',5,308,NULL,'Constructing a PET Bottle Christmas tree','[]'),(9,'2022-12-14 06:42:24','2022-12-14 06:42:24',7,0,13,1,'Bar Reef Marine Sanctuary: Legal Workshop','barreefmarinesanctuary:legalworkshop63997050be34e',NULL,'{\n   \"root\":{\n      \"children\":[\n         {\n            \"children\":[\n               {\n                  \"detail\":0,\n                  \"format\":0,\n                  \"mode\":\"normal\",\n                  \"style\":\"\",\n                  \"text\":\"Environmental Foundation Limited (EFL) is organizing a \"Legal Awareness Workshop\" on the 14th and 15th of December, 2022 under the Community Livelihood and Biodiversity Recover (COLIBRI) project funded by the European Union. The event will be focused on creating legal awareness among the  community members (fishers, and tourist operators) who are actively engaged with the Bar Reef Marine Sanctuary as part of their livelihood.\",\n                  \"type\":\"text\",\n                  \"version\":1\n               }\n            ],\n            \"direction\":\"ltr\",\n            \"format\":\"\",\n            \"indent\":0,\n            \"type\":\"paragraph\",\n            \"version\":1\n         }\n      ],\n      \"direction\":\"ltr\",\n      \"format\":\"\",\n      \"indent\":0,\n      \"type\":\"root\",\n      \"version\":1\n   }\n}','2022-12-14 00:00:00','2022-12-15 00:00:00','null','[{\"lat\":8.240270586667695,\"lng\":79.76354105874822}]',22,248,NULL,'Legal Awareness Workshop','[]'),(10,'2022-12-12 06:25:07','2022-12-12 06:25:07',2,0,0,1,'ENVFORCE Wetland Scavenger Hunt','envforcewetlandscavengerhunt6396c943ed909',NULL,'{\n   \"root\":{\n      \"children\":[\n         {\n            \"children\":[\n               {\n                  \"detail\":0,\n                  \"format\":0,\n                  \"mode\":\"normal\",\n                  \"style\":\"\",\n                  \"text\":\"ENVFORCE, FEO\'s Youth Alliance, organised a Wetland Scavenger Hunt in collaboration with Small Cat Advocacy and Research on Saturday, 5th November 2022 at the Beddagana Wetland Park. During the interactive session, students learnt about wetland ecosystems, their importance, and about the different plant and animal species that call the ecosystems their home whilst spotting various flora and fauna during the walk. Students were also lucky to spot a collared scops owl on the way! The students included the essay winners of our Wetland Essay Competition and students from ENVFORCE members within Colombo.\",\n                  \"type\":\"text\",\n                  \"version\":1\n               }\n            ],\n            \"direction\":\"ltr\",\n            \"format\":\"\",\n            \"indent\":0,\n            \"type\":\"paragraph\",\n            \"version\":1\n         }\n      ],\n      \"direction\":\"ltr\",\n      \"format\":\"\",\n      \"indent\":0,\n      \"type\":\"root\",\n      \"version\":1\n   }\n}','2022-11-05 00:00:00','2022-11-05 00:00:00',NULL,'[{\"lat\":6.891449638774112,\"lng\":79.90909536910183}]',5,1,NULL,'Wetland Scavenger Hunt in collaboration with Small Cat Advocacy and Research','[\"2022\\/12\\/121220220623566396c8fce2f08.jpeg\",\"2022\\/12\\/121220220624076396c9077779b.jpeg\",\"2022\\/12\\/121220220624246396c9181ffb4.jpeg\"]'),(13,'2022-12-13 16:03:40','2022-12-13 16:03:40',2,0,17,1,'Tree Planting at Borella Cemetery with Rotary Club of Colombo West','treeplantingatborellacemeterywithrotaryclubofcolombowest6398a25c5b94e',NULL,'{\n   \"root\":{\n      \"children\":[\n         {\n            \"children\":[\n               {\n                  \"detail\":0,\n                  \"format\":0,\n                  \"mode\":\"normal\",\n                  \"style\":\"\",\n                  \"text\":\"As a part of our larger \'Colombo Greening Project\', The Federation of Environmental Organizations conducted a tree planting project in collaboration with the Rotary Club of Colombo West. During this planting, around 75 trees were planted, including butterfly host and nectar plants.\",\n                  \"type\":\"text\",\n                  \"version\":1\n               }\n            ],\n            \"direction\":\"ltr\",\n            \"format\":\"\",\n            \"indent\":0,\n            \"type\":\"paragraph\",\n            \"version\":1\n         }\n      ],\n      \"direction\":\"ltr\",\n      \"format\":\"\",\n      \"indent\":0,\n      \"type\":\"root\",\n      \"version\":1\n   }\n}','2022-05-12 00:00:00','2022-05-12 00:00:00','null','[{\"lat\":6.908650769223519,\"lng\":79.87988075545141}]',5,1,NULL,'Tree planting project in collaboration with the Rotary Club of Colombo West','[]'),(14,'2022-12-13 16:08:11','2022-12-13 16:08:11',2,0,0,1,'The Conservation of Colombo\'s urban fishing cats and their wetland habitats','theconservationofcolombo\'surbanfishingcatsandtheirwetlandhabitats6398a36b866ac',NULL,'{\n   \"root\":{\n      \"children\":[\n         {\n            \"children\":[\n               {\n                  \"detail\":0,\n                  \"format\":0,\n                  \"mode\":\"normal\",\n                  \"style\":\"\",\n                  \"text\":\"This presentation , which was a part of FEO\'s youth alliance ENVFORCE\'s series of informational sessions, focuses on the home of Colombo\'s very own urban fishing cats. We dive into the importance of the wetland ecosystem as well as Colombo\'s status as the only South Asian Wetland city, according to The Ramsar Convention on Wetlands of International Importance Especially as Waterfowl Habitat treaty. Our speaker, Anya Ratnayaka, is a member of the IUCN Species Survival Commission: Cat Specialist Group, Wildlife Conservation Network Scholar, Re:wild Associate Scientist, and a member of the Fishing Cat Conservation Alliance. She co-founded the non-profit Small Cat Advocacy & Research and is currently conducting research on the world’s only known hyper-urban population of fishing cats, found in Colombo. Presentation Video Link: https://www.youtube.com/watch?v=eSuX3-P9hCE\",\n                  \"type\":\"text\",\n                  \"version\":1\n               }\n            ],\n            \"direction\":\"ltr\",\n            \"format\":\"\",\n            \"indent\":0,\n            \"type\":\"paragraph\",\n            \"version\":1\n         }\n      ],\n      \"direction\":\"ltr\",\n      \"format\":\"\",\n      \"indent\":0,\n      \"type\":\"root\",\n      \"version\":1\n   }\n}','2022-03-01 00:00:00',NULL,NULL,'[{\"lat\":6.924381939880826,\"lng\":79.85139825477901}]',5,1,NULL,'Colombo\'s very own urban fishing cats.','[\"2022\\/12\\/121220221718326397626890642.png\"]'),(15,'2022-12-13 16:26:15','2022-12-13 16:26:15',2,0,24,1,'Introduction to Project Management','introductiontoprojectmanagement6398a7a72c715',NULL,'{\n   \"root\":{\n      \"children\":[\n         {\n            \"children\":[\n               {\n                  \"detail\":0,\n                  \"format\":0,\n                  \"mode\":\"normal\",\n                  \"style\":\"\",\n                  \"text\":\"Project Management Overview through an Environmental Conservation Lens; a presentation carried out as part of FEO\'s CBO capacity building sessions around the country. This lecture entails discussion of fundamental Project Management concepts and tools with an emphasis on the management of Environmental Projects.  The material is organized focusing on developing the knowledge and skills for NGOs and CBOs who will write proposals for Small Grant Projects. Presentation Video Link: https://www.youtube.com/watch?v=9ko6kMbAujM&t=992s\",\n                  \"type\":\"text\",\n                  \"version\":1\n               }\n            ],\n            \"direction\":\"ltr\",\n            \"format\":\"\",\n            \"indent\":0,\n            \"type\":\"paragraph\",\n            \"version\":1\n         }\n      ],\n      \"direction\":\"ltr\",\n      \"format\":\"\",\n      \"indent\":0,\n      \"type\":\"root\",\n      \"version\":1\n   }\n}','2022-12-13 00:00:00',NULL,'null','[{\"lat\":6.907340702276085,\"lng\":79.88208559245273},{\"lat\":7.472091723623534,\"lng\":80.74002127325106}]',5,1,NULL,'Project Management Overview through an Environmental Conservation Lens','[]'),(16,'2022-12-13 16:28:01','2022-12-13 16:28:01',2,0,15,1,'Conscious Consumerism - a presentation by Vraîe Cally Balthazaar.','consciousconsumerism-apresentationbyvraîecallybalthazaar.6398a811cb77c',NULL,'{\n   \"root\":{\n      \"children\":[\n         {\n            \"children\":[\n               {\n                  \"detail\":0,\n                  \"format\":0,\n                  \"mode\":\"normal\",\n                  \"style\":\"\",\n                  \"text\":\"This webinar explores the personal journey of learning to live consciously and understanding the impact of our everyday choices. Vraîe is a social entrepreneur and the owner of Cally Reusable Bags, a line of environmentally sustainable reusable bags that provides an alternative to single-use polythene and plastic. She is also an advocate of conscious consumerism, sharing her own journey of a constantly evolving lifestyle. A Webinar presentation by ENVFORCE - The FEO Youth Alliance. Presentation Video Link: https://www.youtube.com/watch?v=-cIh2Mdjf2M&t=66s\",\n                  \"type\":\"text\",\n                  \"version\":1\n               }\n            ],\n            \"direction\":\"ltr\",\n            \"format\":\"\",\n            \"indent\":0,\n            \"type\":\"paragraph\",\n            \"version\":1\n         }\n      ],\n      \"direction\":\"ltr\",\n      \"format\":\"\",\n      \"indent\":0,\n      \"type\":\"root\",\n      \"version\":1\n   }\n}',NULL,NULL,'null','[{\"lat\":6.989133016574015,\"lng\":79.9314486280242}]',5,1,NULL,'Personal journey of learning to live consciously and understanding the impact of our everyday choices','[]'),(17,'2022-12-13 16:34:37','2022-12-13 16:34:37',2,0,15,1,'Video collaboration with ROAR Media; Sustainable and Conscious Shopping!','videocollaborationwithroarmedia;sustainableandconsciousshopping!6398a99d0c823',NULL,'{\n   \"root\":{\n      \"children\":[\n         {\n            \"children\":[\n               {\n                  \"detail\":0,\n                  \"format\":0,\n                  \"mode\":\"normal\",\n                  \"style\":\"\",\n                  \"text\":\"As a part of their sustainable consumption campaign, FEO collaborated with ROAR media to create an awareness video which was launched in August 2022. The more informed and mindful the consumer; the more attention we would consequently pay to build a sound, planet-friendly lifestyle with our future generations in mind. Happy shopping!!! Video Campaign Link: https://www.facebook.com/feosrilanka/videos/477140754227367\",\n                  \"type\":\"text\",\n                  \"version\":1\n               }\n            ],\n            \"direction\":\"ltr\",\n            \"format\":\"\",\n            \"indent\":0,\n            \"type\":\"paragraph\",\n            \"version\":1\n         }\n      ],\n      \"direction\":\"ltr\",\n      \"format\":\"\",\n      \"indent\":0,\n      \"type\":\"root\",\n      \"version\":1\n   }\n}','2022-08-15 00:00:00','2022-08-15 00:00:00',NULL,'[{\"lat\":6.889617163817551,\"lng\":79.86790860919015}]',5,1,NULL,'FEO collaborated with ROAR media to create an awareness video','[]'),(18,'2022-12-13 16:37:00','2022-12-13 16:37:00',2,0,24,1,'Introduction to Proposal Writing','introductiontoproposalwriting6398aa2cd79c4',NULL,'{\n   \"root\":{\n      \"children\":[\n         {\n            \"children\":[\n               {\n                  \"detail\":0,\n                  \"format\":0,\n                  \"mode\":\"normal\",\n                  \"style\":\"\",\n                  \"text\":\"Proposal Writing Overview through an Environmental Conservation Lens, a presentation conducted as part of FEOs capacity building sessions for CBOs around the country. This lecture entails discussion of fundamental Proposal Writing with an emphasis on the management of Environmental Projects. The material is organized focusing on developing the knowledge and skills for NGOs and CBOs who will write proposals for Small Grant Projects.\",\n                  \"type\":\"text\",\n                  \"version\":1\n               }\n            ],\n            \"direction\":\"ltr\",\n            \"format\":\"\",\n            \"indent\":0,\n            \"type\":\"paragraph\",\n            \"version\":1\n         }\n      ],\n      \"direction\":\"ltr\",\n      \"format\":\"\",\n      \"indent\":0,\n      \"type\":\"root\",\n      \"version\":1\n   }\n}',NULL,NULL,NULL,'[{\"lat\":6.943467395179309,\"lng\":79.85685541291397},{\"lat\":7.486388598960592,\"lng\":80.74741838711846}]',5,1,NULL,'Proposal Writing Overview through an Environmental Conservation Lens','[]');
/*!40000 ALTER TABLE `project_events_opportunities` ENABLE KEYS */;
UNLOCK TABLES;

--
-- Table structure for table `projects`
--

DROP TABLE IF EXISTS `projects`;
/*!40101 SET @saved_cs_client     = @@character_set_client */;
/*!50503 SET character_set_client = utf8mb4 */;
CREATE TABLE `projects` (
  `id` bigint unsigned NOT NULL AUTO_INCREMENT,
  `user_id` bigint unsigned NOT NULL,
  `project_title` varchar(300) COLLATE utf8mb4_unicode_ci DEFAULT NULL,
  `slug` text COLLATE utf8mb4_unicode_ci NOT NULL,
  `overview` varchar(200) COLLATE utf8mb4_unicode_ci DEFAULT NULL,
  `description` text COLLATE utf8mb4_unicode_ci,
  `locations` longtext CHARACTER SET utf8mb4 COLLATE utf8mb4_bin NOT NULL,
  `photos` longtext CHARACTER SET utf8mb4 COLLATE utf8mb4_bin NOT NULL,
  `start_date` date DEFAULT NULL,
  `end_date` date DEFAULT NULL,
  `district_id` int NOT NULL DEFAULT '1000',
  `city_id` int NOT NULL DEFAULT '1000',
  `linked_content` longtext CHARACTER SET utf8mb4 COLLATE utf8mb4_bin NOT NULL,
  `created_at` timestamp NULL DEFAULT NULL,
  `updated_at` timestamp NULL DEFAULT NULL,
  `deleted_at` timestamp NULL DEFAULT NULL,
  `organization_id` bigint unsigned NOT NULL,
  `uploads` longtext CHARACTER SET utf8mb4 COLLATE utf8mb4_bin,
  `ongoing` varchar(10) COLLATE utf8mb4_unicode_ci NOT NULL DEFAULT 'No',
  PRIMARY KEY (`id`),
  KEY `projects_user_id_foreign` (`user_id`),
  FULLTEXT KEY `projects_project_title_fulltext` (`project_title`),
  FULLTEXT KEY `projects_description_fulltext` (`description`),
  CONSTRAINT `projects_user_id_foreign` FOREIGN KEY (`user_id`) REFERENCES `users` (`id`)
) ENGINE=InnoDB AUTO_INCREMENT=45 DEFAULT CHARSET=utf8mb4 COLLATE=utf8mb4_unicode_ci;
/*!40101 SET character_set_client = @saved_cs_client */;

--
-- Dumping data for table `projects`
--

LOCK TABLES `projects` WRITE;
/*!40000 ALTER TABLE `projects` DISABLE KEYS */;
INSERT INTO `projects` VALUES (1,1,'None','non-project-record',NULL,NULL,'[{\"lat\":8.184305163861643,\"lng\":81.11166088110454}]','[]','2020-07-01','2020-07-01',1,1,'null','2023-01-09 07:11:21','2023-01-09 07:11:21',NULL,0,'[]','No'),(7,4,'Planting 1000 saplings along the highway exit at Kahathuduwa','planting1000saplingsalongthehighwayexitatkahathuduwa6391d8e96618b','The tree planting was sponsored by DFCC and was for 1000 saplings.','{\n   \"root\":{\n      \"children\":[\n         {\n            \"children\":[\n               {\n                  \"detail\":0,\n                  \"format\":0,\n                  \"mode\":\"normal\",\n                  \"style\":\"\",\n                  \"text\":\"We planted Kumbuk, Karanda species as per the request of the RDA. The RDA had prepared the holes to plant the saplings, thereby saving us time. Compost was added to support the tree growth as the soil was not naturally fertile.\",\n                  \"type\":\"text\",\n                  \"version\":1\n               }\n            ],\n            \"direction\":\"ltr\",\n            \"format\":\"\",\n            \"indent\":0,\n            \"type\":\"paragraph\",\n            \"version\":1\n         }\n      ],\n      \"direction\":\"ltr\",\n      \"format\":\"\",\n      \"indent\":0,\n      \"type\":\"root\",\n      \"version\":1\n   }\n}','[{\"lat\":6.721395434086361,\"lng\":80.00029563379624}]','[\"2022\\/12\\/120820221248366391dd2418e9f.jpeg\"]','2017-12-08','2017-12-08',10,1,'null','2022-12-13 06:24:29','2022-12-13 06:24:29',NULL,3,'[]','No'),(8,2,'HABITAT RESTORATION & COVID-19 COMMUNITY RELIEF - Lunugamvehera National Park','habitatrestoration&covid-19communityrelief-lunugamveheranationalpark6393e4d05e308','Using manual labour as a rapid response in preventing seed dispersal to critically control the spread of any invasive alien species at Lunugamvehera National Park to promote the re-growth of native','{\n   \"root\":{\n      \"children\":[\n         {\n            \"children\":[\n               {\n                  \"detail\":0,\n                  \"format\":0,\n                  \"mode\":\"normal\",\n                  \"style\":\"\",\n                  \"text\":\"The Lunugamvehera National Park (LNP) covers an area of approximately 23,500 hectares and functions as a Habitat Corridor between the Uda Walawe National Park to its west and the Yala National Park to its east. The natural habitat of the park is under threat from Invasive Alien Species (IAS), Lantana camara (S. Gandapana) and Eupatorium odoratum (S. Podisinghomaran), which have taken over approximately 5-10% of the land area of the park. FEO has targeted the clearing of 900 ha of these two IAS by mid-2023 and has already  cleared nearly 500 ha in August 2022. The extensive spread of invasive plants inhibit the growth of native plant species and causes the loss of habitat and grazing grounds in the LNP, posing a serious threat to the resident and visiting elephants and other herbivorous populations, and to their interconnected ecological food webs. Hence, urgent action has been taken to remove these plants prior to their seed generation, to facilitate the growth of native species. LNP is surrounded by communities whose livelihoods have been affected by the COVID-19 crisis. This project has already made a positive impact by providing employment for around 60 villagers, giving them a steady source of income, and undertaking the manual removal of the invasive plants.\",\n                  \"type\":\"text\",\n                  \"version\":1\n               }\n            ],\n            \"direction\":\"ltr\",\n            \"format\":\"\",\n            \"indent\":0,\n            \"type\":\"paragraph\",\n            \"version\":1\n         }\n      ],\n      \"direction\":\"ltr\",\n      \"format\":\"\",\n      \"indent\":0,\n      \"type\":\"root\",\n      \"version\":1\n   }\n}','[{\"lat\":6.488277716707677,\"lng\":81.19812032879155}]','[]','2021-02-01','2022-12-31',18,305,'null','2022-12-12 16:09:07','2022-12-12 16:09:07',NULL,2,'[]','No'),(12,6,'Nurdle Free Lanka','nurdlefreelanka63946be4e027b','Removing nurdles from the shorelines after the MV X-Press Pearl disaster','{\n   \"root\":{\n      \"children\":[\n         {\n            \"children\":[\n               {\n                  \"detail\":0,\n                  \"format\":0,\n                  \"mode\":\"normal\",\n                  \"style\":\"\",\n                  \"text\":\"The Pearl Protectors, which is a youth-led marine conservation organization in Sri Lanka is spearheading coordinated efforts to mitigate the pollution caused due to the nurdle pollution. ‘Nurdle Free Lanka’ intends to collect all nurdles which lay stricken on the shorelines of Sri Lanka by using various nurdle collecting apparatus, volunteer mobilizations, shoreline surveying and involving coastal communities in long term mitigation efforts. The Pearl Protectors along with mandated agencies, partners, patrons and volunteer organizations intends to target coastlines that are most impacted by nurdles and collect the nurdles using trommel technology, large scale sieving, and handheld sieving.\",\n                  \"type\":\"text\",\n                  \"version\":1\n               }\n            ],\n            \"direction\":\"ltr\",\n            \"format\":\"\",\n            \"indent\":0,\n            \"type\":\"paragraph\",\n            \"version\":1\n         }\n      ],\n      \"direction\":\"ltr\",\n      \"format\":\"\",\n      \"indent\":0,\n      \"type\":\"root\",\n      \"version\":1\n   }\n}','[{\"lat\":7.195594547923562,\"lng\":79.85291299765285},{\"lat\":6.933924764174401,\"lng\":79.8391715146567},{\"lat\":6.797580486285802,\"lng\":79.88039596364513},{\"lat\":5.954143793137549,\"lng\":80.50700758826913},{\"lat\":6.0087763654981385,\"lng\":80.2981370467278},{\"lat\":7.122014930417395,\"lng\":79.86115788745053}]','[]','2021-07-01','2024-01-31',26,339,'null','2022-12-14 17:49:35','2022-12-14 17:49:35',NULL,5,'[]','No'),(13,7,'Community Livelihood and Biodiversity Recover - EU','illegalwildlifetrade639482ff52687','Community Livelihood and Biodiversity Recover (COLIBRI) project  is a two-year project funded by the European Union.','{\n   \"root\":{\n      \"children\":[\n         {\n            \"children\":[\n               {\n                  \"detail\":0,\n                  \"format\":0,\n                  \"mode\":\"normal\",\n                  \"style\":\"\",\n                  \"text\":\"The project seeks to protect, preserve and restore biodiversity clusters in Sri Lanka, namely the Knuckles Conservation Forest (KCF), the Bar Reef Marine Sanctuary (BRMS) and the Kayankerni Marine Sanctuary (KMS). The project will safeguard these fragile forest and coral reef ecosystems by promoting inclusive, data driven management of natural resources and more sustainable livelihood practices. As a part of the COLIBRI project Environmental Foundation Limited (EFL) seeks to support the Department of Wildlife Conservation (DWC) in implementing the ecological, operational, governance and socioeconomic management of the Bar Reef Marine Sanctuary (BRMS) in order to achieve the vision set out in the Management Plan.\",\n                  \"type\":\"text\",\n                  \"version\":1\n               }\n            ],\n            \"direction\":\"ltr\",\n            \"format\":\"\",\n            \"indent\":0,\n            \"type\":\"paragraph\",\n            \"version\":1\n         }\n      ],\n      \"direction\":\"ltr\",\n      \"format\":\"\",\n      \"indent\":0,\n      \"type\":\"root\",\n      \"version\":1\n   }\n}','[{\"lat\":8.23933619551375,\"lng\":79.76325201894076}]','[\"doc\\/121420220932446399983c57b05.jpeg\",\"doc\\/1214202209325463999846b2c8e.jpeg\",\"doc\\/121420220933346399986e68495.jpeg\"]','2020-12-31','2022-12-22',22,248,'null','2022-12-14 09:34:22','2022-12-14 09:34:22',NULL,6,'[]','No'),(15,2,'Sustainable Consumption Guide and Sustainable Living Campaign','cboestablishmentandsustainablecommunities’development6396b6b3a8cb4','To inculcate awareness of environmental issues resulting from overconsumption, reducing use of single-use plastics, encouraging lifestyle changes to reduce overconsumption habits.','{\n   \"root\":{\n      \"children\":[\n         {\n            \"children\":[\n               {\n                  \"detail\":0,\n                  \"format\":0,\n                  \"mode\":\"normal\",\n                  \"style\":\"\",\n                  \"text\":\"This project also aimed to facilitate behavioral changes to encourage greater recycling, etc., and to increase awareness of available Collection Centers and outlets for various types of recyclable waste. In line with the ethos of the Sustainable Consumption Guide, FEO created a series of social media posts to discourage verconsumption during the holiday season, the Sustainable Consumption Guide (SCG) was launched in English in March 2022 and subsequently will be translated into Sinhala and Tamil. FEO has further collaborated with ROAR media to create an awareness video which was launched in August 2022. Moreover, FEO commenced training sessions in partnership with corporate companies and supermarkets to reduce waste created from their sales of single use plastic packaging and utensils. Under FEOs Youth Alliance, ENVFORCE, waste management and segregation programmes have also commenced in both urban and rural schools. Video Campaign Link: https://www.facebook.com/feosrilanka/videos/477140754227367\",\n                  \"type\":\"text\",\n                  \"version\":1\n               }\n            ],\n            \"direction\":\"ltr\",\n            \"format\":\"\",\n            \"indent\":0,\n            \"type\":\"paragraph\",\n            \"version\":1\n         }\n      ],\n      \"direction\":\"ltr\",\n      \"format\":\"\",\n      \"indent\":0,\n      \"type\":\"root\",\n      \"version\":1\n   }\n}','[{\"lat\":6.936970758924587,\"lng\":79.85035971367743}]','[\"2022\\/12\\/121220220542266396bf42c498d.jpeg\",\"2022\\/12\\/121220220543366396bf88c3644.jpeg\",\"2022\\/12\\/121220220543366396bf88d2b7a.jpeg\"]','2021-10-01',NULL,5,1,'null','2022-12-12 16:22:52','2022-12-12 16:22:52',NULL,2,'[]','No'),(16,2,'CBO establishment and Sustainable Communities’ Development','sustainableconsumptionguideandsustainablelivingcampaign6396b88d80c8f','Diversification of livelihoods and altering community value systems towards conservation and protection of National Parks.','{\n   \"root\":{\n      \"children\":[\n         {\n            \"children\":[\n               {\n                  \"detail\":0,\n                  \"format\":0,\n                  \"mode\":\"normal\",\n                  \"style\":\"\",\n                  \"text\":\"FEO supports the community on the West of the border of Lunugamvehera NP by establishing CBOs that may, in the future, function as a supporting force for safeguarding the Lunugamvehera NP by no longer seeing the park and its wildlife, as a threat to them, or for exploitation, but as a valued resource to be preserved for posterity. Through different sources of funding, FEO also hopes to fund Community Capacity Building through relevant training programmes. As such, two CBO’s were established in that area and FEO has now embarked on facilitating a Sustainable Livelihoods Programme targeting communities of the five (5) villages; with particular focus on Communities’ and Women’s Empowerment and Education. Of the 5 Villages where FEO hopes to work on Sustainable Livelihood Programmes – Ranawarnawa, Kithulkotte, Bogahawewa, Dewramvehera and Padavigama - FEO has focused its energies first, on the villages with the majority of the 60 workers in the Lunugamvehera IAS removal project as well as based on the scoping and brainstorming workshop conducted with all these villages in January 2022 on a needs basis. The GN Division of Ranawarnawa was selected for the livelihoods project due to the majority of workers employed under FEO IAS removal project being from this village; and GN Division of Kithulkote was selected based on several villagers being employed under FEO in the IAS removal project. Activities have included the restoration of the Community Centre in Ranawarnawa which will host tuition and vocational training facilities for children and adults alike, a Beekeeping programme with the local community in Kithulkote, and a Herbal Gardens programme. Beneficiaries include CBO Mihi Abhimani මිහි අභිමානී  Ranawarnawa and CBO දෑ අභිමානී  Daya Abhimani Kithulkotte.\",\n                  \"type\":\"text\",\n                  \"version\":1\n               }\n            ],\n            \"direction\":\"ltr\",\n            \"format\":\"\",\n            \"indent\":0,\n            \"type\":\"paragraph\",\n            \"version\":1\n         }\n      ],\n      \"direction\":\"ltr\",\n      \"format\":\"\",\n      \"indent\":0,\n      \"type\":\"root\",\n      \"version\":1\n   }\n}','[{\"lat\":6.477841353328485,\"lng\":81.18905035782791},{\"lat\":6.433151240172015,\"lng\":81.13923748196693},{\"lat\":6.505402904653464,\"lng\":81.13355690393416},{\"lat\":6.40035408937441,\"lng\":81.14427259821987},{\"lat\":6.3877748141765665,\"lng\":81.15888253425159},{\"lat\":6.39543290213239,\"lng\":81.14828875938777},{\"lat\":6.360314843089533,\"lng\":81.16795071137021}]','[\"2022\\/12\\/121220220521266396ba56b2bab.jpeg\",\"2022\\/12\\/121220220524076396baf702f88.jpeg\",\"2022\\/12\\/121220220527066396bbaabf4d0.jpeg\"]','2021-10-01',NULL,8,139,'null','2022-12-12 16:30:08','2022-12-12 16:30:08',NULL,2,'[]','No'),(17,2,'Colombo Regreening','regreening6396b982cdfb4','To make the City of Colombo the greenest city in South Asia by increasing the urban  green space within the city and contributing to the health and wellbeing of its community.','{\"root\":{\"children\":[{\"children\":[{\"detail\":0,\"format\":0,\"mode\":\"normal\",\"style\":\"\",\"text\":\"FEOs primary objective of its urban greening initiative is to increase canopy cover to provide shade, thereby helping reduce the temperature in certain parts of the City; and to increase urban ecology and biodiversity i.e. tree diversity and provide a suitable habitat for small mammals, birds and insects. In addition, this programme will help increase vegetation health by systematically replacing the aging trees in the City. It could also assist in the reduction of air pollution. The Colombo Tree planting project was initiated in the Borella cemetery. \",\"type\":\"text\",\"version\":1}],\"direction\":\"ltr\",\"format\":\"justify\",\"indent\":0,\"type\":\"paragraph\",\"version\":1},{\"children\":[{\"detail\":0,\"format\":0,\"mode\":\"normal\",\"style\":\"\",\"text\":\"The goal was to plant trees along the perimeter of the cemetery (where possible) with deep root trees so that the roots don’t disturb the surface. FEO proposes to initiate several long-term City Tree Planting Projects utilizing private and public lands within the Greater Colombo Area. The planting of indigenous species will predominate. However, selected exotics will also be planted based on the specific service they render to the environment.\",\"type\":\"text\",\"version\":1}],\"direction\":\"ltr\",\"format\":\"justify\",\"indent\":0,\"type\":\"paragraph\",\"version\":1}],\"direction\":\"ltr\",\"format\":\"\",\"indent\":0,\"type\":\"root\",\"version\":1}}','[{\"lat\":6.886325880869799,\"lng\":79.8654649236147},{\"lat\":6.8974352006417945,\"lng\":79.86865493822475},{\"lat\":6.909172664801421,\"lng\":79.86463729142262}]','[\"2022\\/12\\/1212202216362063975884bf3d9.jpeg\",\"2022\\/12\\/12122022163650639758a297466.jpeg\",\"2022\\/12\\/1212202216382863975904321dd.jpeg\"]','2020-07-01',NULL,5,1,'null','2023-01-06 02:09:36','2023-01-06 02:09:36',NULL,2,'[]','No'),(18,2,'Advocacy and Policy','advocacyandpolicy6396c180181f8','FEO’s policy and advocacy work revolved around key environmental issues that were in the limelight over the past year. Other policy initiatives stem from FEOs field experience and activities.','{\n   \"root\":{\n      \"children\":[\n         {\n            \"children\":[\n               {\n                  \"detail\":0,\n                  \"format\":0,\n                  \"mode\":\"normal\",\n                  \"style\":\"\",\n                  \"text\":\"Policy briefs are being developed to provide recommendations and policy directions in several key areas. FEO is also an active member of the Mangrove Conservation Sustainable Livelihoods (MCSL) Forum consisting of 05 conservation organisations. Currently the MCSL Forum is advocating for enhanced conservation measures and protection of the Vidathalativu National Park; and avenues for sustainable use of coastal resources such as Vidathalativu to benefit local communities. The Forum has requested accurate information on the release of land for aquaculture from the conservation agencies involved and is currently putting together a detailed report,-based on expert ideas on how this landscaped can be managed for conservation and livelihood benefit. FEO has developed a policy paper, Human Elephant Conflict: Managed Elephant Reserves -putting theory to practice. This paper focuses on practical solutions to the human-elephant conflict, managed elephant reserves (MER) have been suggested as practical measures to manage landscapes that have both human activity and high density of elephant population. However the practical aspects of ‘managing’ such a reserve is yet to be tested out on the first ever MER in Mattala, Southern Province. This policy paper will set out the institutional structures, decision making processes and livelihood choices that will support such transition. FEO is currently developing a policy paper on Water Management and Elephant Gathering. This policy paper will look at tradeoffs between agriculture and economic value generated by national parks through tourism with spill over benefits for the entire rural economy and the policy framework that should govern decision making when there are conflicting demands on the same resource.\",\n                  \"type\":\"text\",\n                  \"version\":1\n               }\n            ],\n            \"direction\":\"ltr\",\n            \"format\":\"\",\n            \"indent\":0,\n            \"type\":\"paragraph\",\n            \"version\":1\n         }\n      ],\n      \"direction\":\"ltr\",\n      \"format\":\"\",\n      \"indent\":0,\n      \"type\":\"root\",\n      \"version\":1\n   }\n}','[{\"lat\":6.93624653818156,\"lng\":79.85006825660483},{\"lat\":9.022830924406685,\"lng\":80.04246679745174},{\"lat\":6.310659795262648,\"lng\":81.1183513747219},{\"lat\":8.011434497786432,\"lng\":80.83849639398994}]','[\"2022\\/12\\/121220220550356396c12bae7d4.jpeg\",\"2022\\/12\\/121220220551066396c14a5f2da.jpeg\"]','2020-07-01',NULL,5,1,'null','2022-12-12 16:19:10','2022-12-12 16:19:10',NULL,2,'[]','No'),(19,2,'Study of Regeneration and Ecology of Invasive Plant Species in Lunugamvehera','studyofregenerationandecologyofinvasiveplantspeciesinlunugamvehera6396c30c979d4','Improving habitat management and restoration in National Parks and protected areas by establishing an effective methodology for IAS removal and monitoring regeneration of native and invasive plants.','{\n   \"root\":{\n      \"children\":[\n         {\n            \"children\":[\n               {\n                  \"detail\":0,\n                  \"format\":0,\n                  \"mode\":\"normal\",\n                  \"style\":\"\",\n                  \"text\":\"Numerous strategies have been used in the past to remove invasive plant species from the environment. The study of previous attempts at mechanical removal made it clear that there is a rapid re-growth of invasive plants it was determined that the mechanical method did not differentiate between removal of invasives and all native plants. Consequently, in the regrowth invasives dominated the terrain over native plants due to their highly competitive nature. Therefore, selective removal using a manual method with the least disturbance to the native plants was established. Up to date, clearing has been conducted in 3 cycles as of June 2022 in identified locations to eliminate IAS seed populations on the ground. Clearing of invasive plants often sees a change of species composition and regenerative domination. This knowledge is required for the continuous management of invasives and also to make strategic changes where necessary. The final analysis will correlate the changing composition of the native species to the regeneration of invasives. The invasive alien plant species focused on for this study were Lantana camara (S. Gandapana) and Eupatorium odoratum (S. Podi singho maran).\",\n                  \"type\":\"text\",\n                  \"version\":1\n               }\n            ],\n            \"direction\":\"ltr\",\n            \"format\":\"\",\n            \"indent\":0,\n            \"type\":\"paragraph\",\n            \"version\":1\n         }\n      ],\n      \"direction\":\"ltr\",\n      \"format\":\"\",\n      \"indent\":0,\n      \"type\":\"root\",\n      \"version\":1\n   }\n}','[{\"lat\":6.478726160645572,\"lng\":81.20162965599074}]','[\"2022\\/12\\/121220221614026397534a9b26d.jpeg\",\"2022\\/12\\/1212202216140863975350017dc.jpeg\"]','2021-02-01',NULL,18,139,'null','2022-12-12 16:14:15','2022-12-12 16:14:15',NULL,2,'[]','No'),(20,2,'Determination of Optimum water levels in Minneriya & Kaudulla Reservoirs','determinationofoptimumwaterlevelsinminneriya&kaudullareservoirs6396c4e5b3060','The project aims to determine the optimum water regime in the Minneriya and Kaudulla reservoirs needed to support the elephants of the Gathering and reduce HEC in this area.','{\n   \"root\":{\n      \"children\":[\n         {\n            \"children\":[\n               {\n                  \"detail\":0,\n                  \"format\":0,\n                  \"mode\":\"normal\",\n                  \"style\":\"\",\n                  \"text\":\"Minneriya and Kaudulla NPs are home to The Great Elephant Gathering: an annual mating, bathing, and feeding ritual of over 400 Asian elephants. However, in recent years, elephant numbers have drastically declined, with less than 50 elephants seen at the Gathering last year. This decline is suspected to be due to development projects, particularly the Moragahakanda dam that have led to hydrological changes and the flooding of the reservoirs. The elephants new migration and feeding patterns, primarily encroaching on farmland, have also led to an increase in Human-Elephant conflict (HEC) in the area. In collaboration with the Department of Wildlife Conservation, Irrigation Department and elephant researchers, FEO has commenced a 3-year research project to study the changes in water levels that affect the elephant numbers inside and HEC outside the Parks. Preliminary analysis has shown that elephant counts between Minneriya and Kaudulla vary significantly in relation to water levels in the reservoirs as well as in relation to each other.As more data is collected and correlated with data being acquired from the Irrigation department, we aim to confirm these correlations and formulate recommendations for the protection of these habitats and the large elephant population that depends on them.\",\n                  \"type\":\"text\",\n                  \"version\":1\n               }\n            ],\n            \"direction\":\"ltr\",\n            \"format\":\"\",\n            \"indent\":0,\n            \"type\":\"paragraph\",\n            \"version\":1\n         }\n      ],\n      \"direction\":\"ltr\",\n      \"format\":\"\",\n      \"indent\":0,\n      \"type\":\"root\",\n      \"version\":1\n   }\n}','[{\"lat\":8.01579036595885,\"lng\":80.84640932004653},{\"lat\":7.9144672274291965,\"lng\":80.91715009574702},{\"lat\":8.168067517225596,\"lng\":80.91366800302058},{\"lat\":8.206770221068346,\"lng\":80.72933347479156}]','[\"2022\\/12\\/121220220603276396c42f83fd9.png\",\"2022\\/12\\/121220220604156396c45f83031.jpeg\",\"2022\\/12\\/121220220606396396c4ef23651.png\",\"2022\\/12\\/121220220607206396c51892668.jpeg\"]','2022-05-01',NULL,21,276,'null','2022-12-12 16:11:27','2022-12-12 16:11:27',NULL,2,'[]','No'),(22,8,'Tree Angels','treeangels639703883b5d5','This project was done online during the lockdown period to bring awareness in Little Friends of Sri Lanka Girl Guides Association (girls aged 8 to 12 years) on protecting their local ecosystems.',NULL,'[]','[\"2022\\/12\\/121220221029146397027ab61a0.jpeg\"]','2021-12-12','2025-01-18',6,101,'null','2022-12-14 09:53:37','2022-12-14 09:53:37',NULL,7,'[]','No'),(23,9,'South Asian Environmental Law Report Volume 2','southasianenvironmentallawreportvolumeii63971a8333001','This volume is an assemblage of prominent landmark judgements and case review 8 South Asian Environmental Law Report analyses from Sri Lanka and three other South Asian countries.','{\n   \"root\":{\n      \"children\":[\n         {\n            \"children\":[\n               {\n                  \"detail\":0,\n                  \"format\":0,\n                  \"mode\":\"normal\",\n                  \"style\":\"\",\n                  \"text\":\"Given the immense success and appreciation for the first volume of the South Asian Environmental Law Reports (SAELR), the Centre for Environmental Law and Policy (CELP) of the Faculty of Law, University of Colombo, and the Centre for Environmental Justice (CEJ) join hands together for the second volume of the report. This volume is also an assemblage of prominent landmark judgements and case review analyses from Sri Lanka and other South Asian countries, including India, Bangladesh, and Pakistan. The main objective of this publication is to work as a forum which provides an insightful discussion on the vital role played by the judiciary to breathe new life into existing documents and treaties on environmental justice through pragmatic judicial interpretation, implementation and necessary amendments. SAELR Volume 2 is unique from other compilations due to many reasons. Primarily it would not only focus on sensitising and empowering people on environmental decision-making but also strengthen environmental justice and sustainable growth, provide various cross-cutting options to address emerging challenges and encourage judicial activism.\",\n                  \"type\":\"text\",\n                  \"version\":1\n               }\n            ],\n            \"direction\":\"ltr\",\n            \"format\":\"\",\n            \"indent\":0,\n            \"type\":\"paragraph\",\n            \"version\":1\n         }\n      ],\n      \"direction\":\"ltr\",\n      \"format\":\"\",\n      \"indent\":0,\n      \"type\":\"root\",\n      \"version\":1\n   }\n}','[{\"lat\":6.899864164655229,\"lng\":79.86162058243342}]','[\"2022\\/12\\/121320221343426398818e27042.jpeg\"]','2022-06-01','2022-12-31',5,1,'null','2022-12-13 13:45:18','2022-12-13 13:45:18',NULL,8,'[]','No'),(24,2,'Capacity Building Programme for CSOs around the country','capacitybuildingprogrammeforcsosaroundthecountry63975e9f27635','Capacity Building Programmes for CSOs around the country conducted by FEO, in topic such as Project Management, Proposal Writing, Biodiversity and Conservation, Environmental Law etc.','{\n   \"root\":{\n      \"children\":[\n         {\n            \"children\":[\n               {\n                  \"detail\":0,\n                  \"format\":0,\n                  \"mode\":\"normal\",\n                  \"style\":\"\",\n                  \"text\":\"The objective is to build NGOs/CBOs/CSOs capacities to manage their own environs through identifying micro, meso and macro level environmental issues in which they have a stake, to reach out to relevant government and other support desks for redress, to bring in projects to solve local environmental issues, and actively participate in managing their own environments FEO has developed lecture/knowledge materials on Conservation and Environment, Project Formulation, Knowledge Management, Climate Change, Environmental Impact Assessments, Environmental Law and Participatory Environmental Governance. FEO is further tailoring their content to address specific issues faced by the communities in their respective regions i.e., Animal-Human Conflicts, Specific Habitat Conservation Knowledge such as on Knuckles Landscape management, Ocean Conservation, Mangroves and Wetlands, etc. FEO currently works with CBOs and CSOs in Monaragala, Matara, Hambantota, Knuckles, Colombo, Mannar, Puttalam and Nuwara Eliya FEO is hoping to expand this project in the following districts in the coming year – Ratnapura, Matale, Anuradhapura and Polonnaruwa FEO also conducts post workshop support, guidance and evaluation.\",\n                  \"type\":\"text\",\n                  \"version\":1\n               }\n            ],\n            \"direction\":\"ltr\",\n            \"format\":\"\",\n            \"indent\":0,\n            \"type\":\"paragraph\",\n            \"version\":1\n         }\n      ],\n      \"direction\":\"ltr\",\n      \"format\":\"\",\n      \"indent\":0,\n      \"type\":\"root\",\n      \"version\":1\n   }\n}','[{\"lat\":6.872915530919031,\"lng\":81.35551797715175},{\"lat\":5.949021710139461,\"lng\":80.5464703965949},{\"lat\":6.133386322638411,\"lng\":81.09750386474013},{\"lat\":7.407069091708379,\"lng\":80.76086067800242},{\"lat\":6.93315793721792,\"lng\":79.85453080944265},{\"lat\":8.95748431525307,\"lng\":79.91192807675519},{\"lat\":8.038493245270883,\"lng\":79.83213274549679},{\"lat\":8.342972145153517,\"lng\":80.42677032711437},{\"lat\":7.948736717676914,\"lng\":80.99544225746546},{\"lat\":6.9757575397030465,\"lng\":80.7702043136182}]','[\"2022\\/12\\/1212202216530763975c7307dee.png\",\"2022\\/12\\/1212202217012263975e6299a9d.jpeg\",\"2022\\/12\\/1212202217012763975e6704ba6.jpeg\",\"2022\\/12\\/1212202217013063975e6a45607.jpeg\"]','2022-06-01',NULL,20,89,'null','2022-12-12 17:02:57','2022-12-12 17:02:57',NULL,2,'[]','No'),(25,2,'HABITAT RESTORATION & COVID-19 COMMUNITY RELIEF - Minneriya and Kaudulla National Parks (NPs)','habitatrestoration&amp;covid-19communityrelief-minneriyaandkaudullanationalparks(nps)63980f27eb761','Rapid response in preventing seed dispersal to control the spread of alien\ninvasive species, reverse the loss of grasslands, and expand foraging areas for wildelephants at Minneriya and Kaudulla NP','{\n   \"root\":{\n      \"children\":[\n         {\n            \"children\":[\n               {\n                  \"detail\":0,\n                  \"format\":0,\n                  \"mode\":\"normal\",\n                  \"style\":\"\",\n                  \"text\":\"In June 2020 an estimated 20% of the tank beds of the major reservoirs in the NPs had been taken over by the invasive alien species ‘Agada’ (Xanthium indicum – Common Cocklebur) which was rapidly spreading across their grasslands. This extensive loss of grasslands from the Minneriya and Kaudulla tank beds posed a serious threat to the primary grazing grounds of the wild elephants that depended on them and thereby threatened the globally renowned Annual Elephant ‘Gathering’ at these Parks. A rapid response in preventing seed dispersal was critical in controlling the spread of any alien invasive species, and hence, urgent action was essential to reverse the process of the loss of grasslands at Minneriya and Kaudulla. In collaboration with the Department of Wildlife Conservation (DWC), FEO cleared 265 hectares of invasive plants from the Minneriya NP, and 281 hectares from the Kaudulla NP. The primary cost was for labour recruited from those who had lost their sources of income due to the COVID-19 Pandemic and the resulting suspension of the tourism industry which was their mainstay. The balance costs were for the transport of workers to the clearing site, equipment costs and the tractor hire for the transport of the removed invasive species to the disposal site. This project also provided additional foraging areas for wild elephants within the NPs reducing their necessity to migrate to other areas in search of food. Maintenance clearing was carried out in August / September 2022 together with the DWC.\",\n                  \"type\":\"text\",\n                  \"version\":1\n               }\n            ],\n            \"direction\":\"ltr\",\n            \"format\":\"\",\n            \"indent\":0,\n            \"type\":\"paragraph\",\n            \"version\":1\n         }\n      ],\n      \"direction\":\"ltr\",\n      \"format\":\"\",\n      \"indent\":0,\n      \"type\":\"root\",\n      \"version\":1\n   }\n}','[{\"lat\":8.01809576999899,\"lng\":80.851391581819},{\"lat\":8.162385777809257,\"lng\":80.91307608739358}]','[]','2020-07-01',NULL,21,276,'null','2022-12-13 15:57:27','2022-12-13 15:57:27',NULL,2,'[]','No'),(26,2,'HABITAT RESTORATION & COVID-19 COMMUNITY RELIEF - UdaWalawe National Park (NP).','habitatrestoration&covid-19communityrelief-udawalawenationalpark(np).63980ff5bd052','Clearing of invasive alien species in a critical habitat type for a range of flora and\nfauna to reverse the loss of native plants and to increase species richness.','{\n   \"root\":{\n      \"children\":[\n         {\n            \"children\":[\n               {\n                  \"detail\":0,\n                  \"format\":0,\n                  \"mode\":\"normal\",\n                  \"style\":\"\",\n                  \"text\":\"Udawalawe National Park (NP) consists of 31,067 hectares of land. It is an extremely important habitat for a range of flora and fauna, a popular tourist destination and the second-most-visited NP in Sri Lanka in 2018 (STLDA, 2018). The natural habitat of the park is under threat from Invasive Alien Species (IAS), Lantana camara (S. Gandapana) and Eupatorium odoratum (S. Podisinghomaran), which have taken over a significant land area of the park. As a result, the park\'s grassland area has decreased by 59%. These grasslands are extremely important for herbivores and recorded the highest species richness for birds and mammals and relatively high species richness for reptiles (DWC, 2008). This indicates that the observed decline in grassland as per Perera et al., the study will be detrimental to a range of other species besides the elephant. The initial stage of clearing will take place for an area of 300 hectares. The primary cost is labour, by employing those who have lost their income sources due to the COVID-19-induced downturn in tourism, their transport to the clearing sites, equipment costs and supervision costs.\",\n                  \"type\":\"text\",\n                  \"version\":1\n               }\n            ],\n            \"direction\":\"ltr\",\n            \"format\":\"\",\n            \"indent\":0,\n            \"type\":\"paragraph\",\n            \"version\":1\n         }\n      ],\n      \"direction\":\"ltr\",\n      \"format\":\"\",\n      \"indent\":0,\n      \"type\":\"root\",\n      \"version\":1\n   }\n}','[{\"lat\":6.4568933539107745,\"lng\":80.9061406209543}]','[]','2022-10-01',NULL,23,315,'null','2022-12-13 16:01:10','2022-12-13 16:01:10',NULL,2,'[]','No'),(27,2,'HABITAT RESTORATION & COVID-19 COMMUNITY RELIEF - Horton Plains National Park','habitatrestoration&covid-19communityrelief-hortonplainsnationalpark639810e82175b','Using novel methods to stop the extensive spread of invasive plants that inhibit\nthe growth of native plant species causing extensive loss of habitat and grazing grounds in the Horton Plains NP.','{\n   \"root\":{\n      \"children\":[\n         {\n            \"children\":[\n               {\n                  \"detail\":0,\n                  \"format\":0,\n                  \"mode\":\"normal\",\n                  \"style\":\"\",\n                  \"text\":\"Horton Plains, its forests and the adjoining Peak Wilderness constitute Sri Lanka’s most important catchment area. Almost all major rivers of Sri Lanka, such as the Mahaweli, Kelani and Walawe originate from here. The waterways within Horton Plains also feed Belihul Oya, Agra Oya, Hiriketi Oya, Uma Oya, and Bogawantalawa Oya. The extensive spread of invasive plants inhibits the growth of native plant species and thereby causes extensive loss of habitat and grazing grounds in the Horton Plains National Park (NP), posing a serious threat to the sambar and other herbivore populations that are resident or visit the Park. The invasive alien plant species (IAPS), Ulex europaeus (Ulex), is threatening the native biodiversity in Horton Plains NP. Rapid response to prevent seed dispersal is critical in controlling the spread of any invasive alien species. Hence, urgent action is required to remove these plants before seed generation, to facilitate the growth of native varieties. In light of this, the Federation of Environmental Organizations (FEO) is initiating an IAPS removal project within the NP. In the past, there were sporadic attempts by different Individuals Groups to remove Ulex but to no avail. However, a well-planned, concentrated effort was made by MAS Holding over a period of 2 years, (2016/2017), which resulted in all the Ulex bushes being removed. At that time, Ulex had spread over 120 Acres. Unfortunately, the said project ended in 2017, but the Ulex seeds that had dispersed started germinating and small plants were visible around April/ May 2018. Based on a survey done in 2022, new Ulex plants are visible in the same areas that were cleared in 2016/17. The growth is not as dense as in 2016/17, and the age of the plants is 5 years or less, compared to the removal of some plants which were over 20 years, in the previous removal. However, if not removed now, it will be a much more difficult exercise in years to come. We estimate that Ulex has spread over approximately 50 to 60 hectares of Horton Plains National Park, based on a study carried out by the DWC. A comprehensive mapping study will be carried  out in the next couple of months to verify this figure.\",\n                  \"type\":\"text\",\n                  \"version\":1\n               }\n            ],\n            \"direction\":\"ltr\",\n            \"format\":\"\",\n            \"indent\":0,\n            \"type\":\"paragraph\",\n            \"version\":1\n         }\n      ],\n      \"direction\":\"ltr\",\n      \"format\":\"\",\n      \"indent\":0,\n      \"type\":\"root\",\n      \"version\":1\n   }\n}','[{\"lat\":6.806401435236964,\"lng\":80.75295651962293}]','[]','2022-10-01',NULL,20,89,'null','2022-12-13 16:00:37','2022-12-13 16:00:37',NULL,2,'[]','No'),(28,2,'Nature Interpretation Programmes in Minneriya, Kaudulla & Wilpattu National Parks','natureinterpretationprogrammesinminneriya,kaudulla&wilpattunationalparks639813880b00a','Establishing structure within the Sri Lankan Wildlife Tourism industry to create\nmore responsibility through workshops and training programmes.','{\n   \"root\":{\n      \"children\":[\n         {\n            \"children\":[\n               {\n                  \"detail\":0,\n                  \"format\":0,\n                  \"mode\":\"normal\",\n                  \"style\":\"\",\n                  \"text\":\"On the path to becoming a globally recognized destination for a total wildlife experience, The Federation of Environmental Organizations (FEO) trained over 1,200 Safari Jeep Drivers. This was a structural approach to create more responsibility in the Sri Lankan Wildlife Tourism Industry through an easy approach; the ‘Nature Interpretation’ Training Programme. The participants gained valuable knowledge on the flora and fauna found within each respective National Park, a brief history of the Park, including places of archaeological significance located within them, a reinforcement of the Park Rules and Regulations, and examples of poor visitor reviews and their negative impact on the industry. In addition, they were educated on tourism trends and visitor expectations in detail, the behaviour of the iconic species of Sri Lanka - the elephant, leopard and bear – as observed by them on every sighting, to share this knowledge with their customers and further enhance their ‘Total Wildlife Experience’. An additional 40 Jeep Drivers were trained from the Minneriya and Kaudulla area in August 2022.\",\n                  \"type\":\"text\",\n                  \"version\":1\n               }\n            ],\n            \"direction\":\"ltr\",\n            \"format\":\"\",\n            \"indent\":0,\n            \"type\":\"paragraph\",\n            \"version\":1\n         }\n      ],\n      \"direction\":\"ltr\",\n      \"format\":\"\",\n      \"indent\":0,\n      \"type\":\"root\",\n      \"version\":1\n   }\n}','[{\"lat\":8.03730342068696,\"lng\":80.87185978260302},{\"lat\":8.197728068634497,\"lng\":80.91995497308952},{\"lat\":8.441809222981183,\"lng\":80.0991341556406}]','[]','2018-06-01',NULL,21,339,'null','2022-12-13 15:58:47','2022-12-13 15:58:47',NULL,2,'[]','No'),(29,4,'Donating livelihood saplings to village in Polpithigama','ft,jfjf639818d1489ae','Reforest Sri Lanka joined hands with the Leo Club of University of Kelaniya for this project','{\n   \"root\":{\n      \"children\":[\n         {\n            \"children\":[\n               {\n                  \"detail\":0,\n                  \"format\":0,\n                  \"mode\":\"normal\",\n                  \"style\":\"\",\n                  \"text\":\"Donated livelihood support saplings including spices due to the poverty stricken conditions of the people in the region.\",\n                  \"type\":\"text\",\n                  \"version\":1\n               }\n            ],\n            \"direction\":\"ltr\",\n            \"format\":\"\",\n            \"indent\":0,\n            \"type\":\"paragraph\",\n            \"version\":1\n         }\n      ],\n      \"direction\":\"ltr\",\n      \"format\":\"\",\n      \"indent\":0,\n      \"type\":\"root\",\n      \"version\":1\n   }\n}','[{\"lat\":7.505654632014796,\"lng\":80.15899729926777},{\"lat\":7.5791721184883025,\"lng\":80.51990774314258}]','[\"2022\\/12\\/12142022024950639939ce0f3df.png\",\"doc\\/12142022081846639986e6ce2d8.jpeg\"]','2022-12-14','2022-12-20',14,237,'null','2022-12-30 09:19:46','2022-12-30 09:19:46',NULL,3,'[]','No'),(30,9,'South Asian Journal of Environmental Law and Policy Vol. 1 Issue II','southasianjournalofenvironmentallawandpolicy639883043808c','The primary objective of the SA-JELP is to act as a platform for academic collaboration and the dissemination of knowledge within the region.','{\"root\":{\"children\":[{\"children\":[{\"detail\":0,\"format\":0,\"mode\":\"normal\",\"style\":\"\",\"text\":\"At a time when collaboration and discourse amongst environmental law professionals, academics, activists, civil society organisations, and other interested parties is essential to further the progress on environmental conservation, we are very pleased to introduce the inaugural issue of the South Asian Journal of Environmental Law and Policy (SA-JELP) as the first journal focusing on environmental law and policy within the South Asian region. The SA-JELP is the brainchild of a collaboration between the Centre for Environmental Law and Policy (CELP) of the University of Colombo, Sri Lanka, and the Centre for Environmental Justice (CEJ).\",\"type\":\"text\",\"version\":1}],\"direction\":\"ltr\",\"format\":\"\",\"indent\":0,\"type\":\"paragraph\",\"version\":1}],\"direction\":\"ltr\",\"format\":\"\",\"indent\":0,\"type\":\"root\",\"version\":1}}','[{\"lat\":6.899852282000169,\"lng\":79.86168014590292}]','[\"2022\\/12\\/12132022134836639882b4de529.png\"]','2022-06-01','2022-12-31',5,1,'null','2023-02-20 05:15:34','2023-02-20 05:15:34',NULL,8,'[]','No'),(31,9,'South Asian Environmental Law Report Volume 1','southasianenvironmentallawreportvolume1639886d07b212','This is the first collaboration between the Centre for Environmental Law and Policy (CELP) of the University of Colombo and the Centre for Environmental Justice (CEJ).','{\n   \"root\":{\n      \"children\":[\n         {\n            \"children\":[\n               {\n                  \"detail\":0,\n                  \"format\":0,\n                  \"mode\":\"normal\",\n                  \"style\":\"\",\n                  \"text\":\"This publication is intended to not only heighten general awareness among the global legal audience about the rich environmental jurisprudence of South Asia, but also to showcase a few selected landmark cases from South Asia that have significantly contributed to the development of the environmental jurisprudence in domestic, regional and global contexts. SAELR Vol. 1 presents four landmark judgements from Sri Lanka and one significant judgement from Bangladesh, India, Nepal and Pakistan respectively. SAELR Vol. 1 is a unique initiative from other collections of legal reports because each landmark case includes a review by a legal expert analysing case fact, the judgement and necessary future developments.\",\n                  \"type\":\"text\",\n                  \"version\":1\n               }\n            ],\n            \"direction\":\"ltr\",\n            \"format\":\"\",\n            \"indent\":0,\n            \"type\":\"paragraph\",\n            \"version\":1\n         }\n      ],\n      \"direction\":\"ltr\",\n      \"format\":\"\",\n      \"indent\":0,\n      \"type\":\"root\",\n      \"version\":1\n   }\n}','[{\"lat\":6.899911129528606,\"lng\":79.861694963613}]','[\"2022\\/12\\/121220221207266397197e0efb5.jpeg\"]','2021-06-01','2021-12-31',5,1,'[{\"linked_content_type\":null,\"linked_content\":null}]','2022-12-13 14:06:08','2022-12-13 14:06:08',NULL,8,'[]','No'),(32,9,'South Asian Journal of Environmental Law and Policy Vol. 1 Issue I','southasianjournalofenvironmentallawandpolicyvol.1issuei639889ae5fdd8','The primary objective of the SA-JELP is to act as a platform for academic collaboration and the dissemination of knowledge within the region.','{\n   \"root\":{\n      \"children\":[\n         {\n            \"children\":[\n               {\n                  \"detail\":0,\n                  \"format\":0,\n                  \"mode\":\"normal\",\n                  \"style\":\"\",\n                  \"text\":\"At a time when collaboration and discourse amongst environmental law professionals, academics, activists, civil society organisations, and other interested parties is essential to further the progress on environmental conservation, we are very pleased to introduce the inaugural issue of the South Asian Journal of Environmental Law and Policy (SA-JELP) as the first journal focusing on environmental law and policy within the South Asian region. The SA-JELP is the brainchild of a collaboration between the Centre for Environmental Law and Policy (CELP) of the University of Colombo, Sri Lanka, and the Centre for Environmental Justice (CEJ).\",\n                  \"type\":\"text\",\n                  \"version\":1\n               }\n            ],\n            \"direction\":\"ltr\",\n            \"format\":\"\",\n            \"indent\":0,\n            \"type\":\"paragraph\",\n            \"version\":1\n         }\n      ],\n      \"direction\":\"ltr\",\n      \"format\":\"\",\n      \"indent\":0,\n      \"type\":\"root\",\n      \"version\":1\n   }\n}','[{\"lat\":6.8998754482081095,\"lng\":79.86168712118844}]','[\"2022\\/12\\/1213202214170663988962b3725.jpeg\"]','2021-06-01','2022-01-31',5,1,'[{\"linked_content_type\":null,\"linked_content\":null}]','2022-12-13 14:18:22','2022-12-13 14:18:22',NULL,8,'[]','No'),(33,8,'Akura - Youth Community Service Project','akura-youthcommunityserviceproject6399a061a546e','Youth Community Service Project \"Akura\" was carried out in Sabaragamuwa Province that included tree planting, building awareness and helping children in estates.',NULL,'[]','[\"2022\\/12\\/1214202210034263999f7e02e01.jpeg\",\"2022\\/12\\/1214202210053663999ff0dc4e8.jpeg\"]',NULL,NULL,12,335,'[{\"linked_content_type\":null,\"linked_content\":null}]','2022-12-14 10:07:29','2022-12-14 10:07:29',NULL,7,'[]','No'),(34,8,'Plant for the Planet Workshop for Little Friends','plantfortheplanetworkshopforlittlefriends6399a33a5376b','Ninety Little Friends and 20 Guide Leaders took part in an awareness building workshop done with the Plant for the Planet Academy which was the first ever workshop they conducted in Sri Lanka',NULL,'[]','[\"2022\\/12\\/121420221018016399a2d9cfc18.png\",\"2022\\/12\\/121420221018156399a2e78e58a.png\",\"2022\\/12\\/121420221018326399a2f82135d.png\"]','2019-12-15','2019-12-15',5,1,'[{\"linked_content_type\":null,\"linked_content\":null}]','2022-12-14 10:19:38','2022-12-14 10:19:38',NULL,7,'[]','No'),(35,12,'Citizens Collective Kandy','citizenscollectivekandy6399afef5ce3f','Getting people concerned for the area together to fight for our rights','','[{\"lat\":7.292789972567735,\"lng\":80.63560648407069}]','[]','2022-12-01',NULL,11,55,'[{\"linked_content_type\":null,\"linked_content\":null}]','2022-12-14 11:13:51','2022-12-14 11:13:51',NULL,11,'[]','No'),(36,6,'Cleaner Seabeds for Sri Lanka','cleanerseabedsforsrilanka639a0c11cbd7c','An underwater dive expedition to remove marine litter and discarded fishing nets','{\n   \"root\":{\n      \"children\":[\n         {\n            \"children\":[\n               {\n                  \"detail\":0,\n                  \"format\":0,\n                  \"mode\":\"normal\",\n                  \"style\":\"\",\n                  \"text\":\"Volunteers of The Pearl Protectors who have received PADI certification will engage in the cleaning efforts near Palagala reef which according to the survey conducted by The Pearl Protectors has been deemed to contain larger portion of underwater marine litter. The first phase will consist of three clean-ups efforts with the addition of acquiring cleaning equipment and creating awareness on the damage. The duration of the first phase will be tied together to be conducted prior to the southwest monsoons where the sea will be unfavourable for diving. Participating volunteer divers will receive special briefing and training on guidelines and best practices on collecting underwater marine litter. The litter collection guidelines will follow international standards while maintaining all safety precautions. Collected marine litter will be weighed, audited, segregated, and be handed over to both recycling waste collectors and incineration waste collectors.\",\n                  \"type\":\"text\",\n                  \"version\":1\n               }\n            ],\n            \"direction\":\"ltr\",\n            \"format\":\"\",\n            \"indent\":0,\n            \"type\":\"paragraph\",\n            \"version\":1\n         }\n      ],\n      \"direction\":\"ltr\",\n      \"format\":\"\",\n      \"indent\":0,\n      \"type\":\"root\",\n      \"version\":1\n   }\n}','[]','[]','2022-02-01','2023-12-31',26,339,'[{\"linked_content_type\":null,\"linked_content\":null}]','2022-12-14 17:46:57','2022-12-14 17:46:57',NULL,5,'[]','No'),(38,4,'test project abcd 1234 abcd 123456 TEST','testprojectabcd1234abcd12345663b6d3b55d5f1','sasdasda sdfsdfsf dsfsdfsdfsf dsgdgdfgdg dfsdfsdgdgdfg sdfasfsaf awdawasf sdfsdvcxv vfdvcvcvb fdgdfgdfewwe fcsdfsdfsd asdasdasdwev sfddfgdfg sdsdfsdfdsf sdfesrewrw dfsdfsdfsf asdasdsdwerew dfdvxcvdf','{\"root\":{\"children\":[{\"children\":[{\"detail\":0,\"format\":0,\"mode\":\"normal\",\"style\":\"\",\"text\":\"dsfsdsfg\",\"type\":\"text\",\"version\":1}],\"direction\":\"ltr\",\"format\":\"\",\"indent\":0,\"type\":\"paragraph\",\"version\":1},{\"children\":[{\"children\":[{\"detail\":0,\"format\":0,\"mode\":\"normal\",\"style\":\"\",\"text\":\"https://www.fb.com\",\"type\":\"text\",\"version\":1}],\"direction\":\"ltr\",\"format\":\"\",\"indent\":0,\"type\":\"autolink\",\"version\":1,\"rel\":null,\"target\":null,\"url\":\"https://www.fb.com\"},{\"detail\":0,\"format\":0,\"mode\":\"normal\",\"style\":\"\",\"text\":\" \",\"type\":\"text\",\"version\":1}],\"direction\":null,\"format\":\"\",\"indent\":0,\"type\":\"paragraph\",\"version\":1},{\"children\":[{\"detail\":0,\"format\":0,\"mode\":\"normal\",\"style\":\"\",\"text\":\"sdfsdfssf\",\"type\":\"text\",\"version\":1}],\"direction\":\"ltr\",\"format\":\"\",\"indent\":0,\"type\":\"paragraph\",\"version\":1}],\"direction\":\"ltr\",\"format\":\"\",\"indent\":0,\"type\":\"root\",\"version\":1}}','[{\"lat\":8.095940613664242,\"lng\":80.87316759163858}]','[\"2023\\/01\\/0105202313415663b6d3a448935.jpeg\"]','2023-01-06',NULL,4,340,'null','2023-01-06 02:23:47','2023-03-03 03:20:52','2023-03-03 03:20:52',3,'[]','No'),(40,20,'Job Fair & Career Expo 2022','jobfair&careerexpo202263b79c782dea5','The first of its kind, a job fair aimed and bridging the gap between students studying tourism and tourism stakeholders.','{\"root\":{\"children\":[{\"children\":[{\"detail\":0,\"format\":0,\"mode\":\"normal\",\"style\":\"\",\"text\":\"The first of its kind, a job fair aimed and bridging the gap between students studying tourism and tourism stakeholders. The event was held in collaboration with the Alumni Association of the University of Colombo\",\"type\":\"text\",\"version\":1}],\"direction\":\"ltr\",\"format\":\"\",\"indent\":0,\"type\":\"paragraph\",\"version\":1}],\"direction\":\"ltr\",\"format\":\"\",\"indent\":0,\"type\":\"root\",\"version\":1}}','[{\"lat\":6.901663779138586,\"lng\":79.86212181270977}]','[\"2023\\/01\\/0106202303574663b79c3a29f4a.png\"]','2022-02-12','2022-02-12',5,1,'[{\"linked_content_type\":null,\"linked_content\":null}]','2023-01-06 03:58:48','2023-01-06 03:58:48',NULL,19,'[]','No'),(43,4,'test project feb 2023','testprojectfeb202363f7218b3a785','test project feb 2023test project feb 2023test project feb 2023','{\"root\":{\"children\":[{\"children\":[{\"detail\":0,\"format\":0,\"mode\":\"normal\",\"style\":\"\",\"text\":\"test project feb 2023test project feb 2023test project feb 2023\",\"type\":\"text\",\"version\":1}],\"direction\":\"ltr\",\"format\":\"\",\"indent\":0,\"type\":\"paragraph\",\"version\":1}],\"direction\":\"ltr\",\"format\":\"\",\"indent\":0,\"type\":\"root\",\"version\":1}}','[{\"lat\":8.023875158625891,\"lng\":80.78512871507512}]','[\"doc\\/12142022081846639986e6ce2d8.jpeg\",\"2022\\/12\\/1210202206520563942c9579446.jpeg\",\"doc\\/1214202209194763999533c77d4.jpeg\"]','2023-02-23',NULL,26,339,'[{\"linked_content_type\":null,\"linked_content\":null}]','2023-02-23 08:19:23','2023-03-03 03:20:48','2023-03-03 03:20:48',3,'[\"doc\\/1228202209420163ac0f6902d65.pdf\",\"doc\\/1228202209512163ac11997a6c2.pdf\"]','No'),(44,2,'Test','test64054e76e7c13','Hi','{\"root\":{\"children\":[{\"children\":[{\"detail\":0,\"format\":0,\"mode\":\"normal\",\"style\":\"\",\"text\":\"Hi\",\"type\":\"text\",\"version\":1}],\"direction\":\"ltr\",\"format\":\"\",\"indent\":0,\"type\":\"paragraph\",\"version\":1}],\"direction\":\"ltr\",\"format\":\"\",\"indent\":0,\"type\":\"root\",\"version\":1}}','[]','[]','2023-03-06',NULL,26,339,'[{\"linked_content_type\":null,\"linked_content\":null}]','2023-03-06 02:22:46','2023-03-06 02:22:56','2023-03-06 02:22:56',4,'[]','No');
/*!40000 ALTER TABLE `projects` ENABLE KEYS */;
UNLOCK TABLES;

--
-- Table structure for table `role`
--

DROP TABLE IF EXISTS `role`;
/*!40101 SET @saved_cs_client     = @@character_set_client */;
/*!50503 SET character_set_client = utf8mb4 */;
CREATE TABLE `role` (
  `id` bigint unsigned NOT NULL AUTO_INCREMENT,
  `created_at` timestamp NULL DEFAULT NULL,
  `updated_at` timestamp NULL DEFAULT NULL,
  PRIMARY KEY (`id`)
) ENGINE=InnoDB DEFAULT CHARSET=utf8mb4 COLLATE=utf8mb4_unicode_ci;
/*!40101 SET character_set_client = @saved_cs_client */;

--
-- Dumping data for table `role`
--

LOCK TABLES `role` WRITE;
/*!40000 ALTER TABLE `role` DISABLE KEYS */;
/*!40000 ALTER TABLE `role` ENABLE KEYS */;
UNLOCK TABLES;

--
-- Table structure for table `role_user`
--

DROP TABLE IF EXISTS `role_user`;
/*!40101 SET @saved_cs_client     = @@character_set_client */;
/*!50503 SET character_set_client = utf8mb4 */;
CREATE TABLE `role_user` (
  `id` bigint unsigned NOT NULL AUTO_INCREMENT,
  `role_id` bigint NOT NULL,
  `user_id` bigint NOT NULL,
  `created_at` timestamp NULL DEFAULT NULL,
  `updated_at` timestamp NULL DEFAULT NULL,
  PRIMARY KEY (`id`)
) ENGINE=InnoDB DEFAULT CHARSET=utf8mb4 COLLATE=utf8mb4_unicode_ci;
/*!40101 SET character_set_client = @saved_cs_client */;

--
-- Dumping data for table `role_user`
--

LOCK TABLES `role_user` WRITE;
/*!40000 ALTER TABLE `role_user` DISABLE KEYS */;
/*!40000 ALTER TABLE `role_user` ENABLE KEYS */;
UNLOCK TABLES;

--
-- Table structure for table `tag_types`
--

DROP TABLE IF EXISTS `tag_types`;
/*!40101 SET @saved_cs_client     = @@character_set_client */;
/*!50503 SET character_set_client = utf8mb4 */;
CREATE TABLE `tag_types` (
  `id` bigint unsigned NOT NULL AUTO_INCREMENT,
  `name` varchar(255) COLLATE utf8mb4_unicode_ci NOT NULL,
  `created_at` timestamp NULL DEFAULT NULL,
  `updated_at` timestamp NULL DEFAULT NULL,
  PRIMARY KEY (`id`)
) ENGINE=InnoDB DEFAULT CHARSET=utf8mb4 COLLATE=utf8mb4_unicode_ci;
/*!40101 SET character_set_client = @saved_cs_client */;

--
-- Dumping data for table `tag_types`
--

LOCK TABLES `tag_types` WRITE;
/*!40000 ALTER TABLE `tag_types` DISABLE KEYS */;
/*!40000 ALTER TABLE `tag_types` ENABLE KEYS */;
UNLOCK TABLES;

--
-- Table structure for table `taggables`
--

DROP TABLE IF EXISTS `taggables`;
/*!40101 SET @saved_cs_client     = @@character_set_client */;
/*!50503 SET character_set_client = utf8mb4 */;
CREATE TABLE `taggables` (
  `tag_id` bigint unsigned NOT NULL,
  `taggable_type` varchar(255) COLLATE utf8mb4_unicode_ci NOT NULL,
  `taggable_id` bigint unsigned NOT NULL,
  UNIQUE KEY `taggables_tag_id_taggable_id_taggable_type_unique` (`tag_id`,`taggable_id`,`taggable_type`),
  KEY `taggables_taggable_type_taggable_id_index` (`taggable_type`,`taggable_id`),
  CONSTRAINT `taggables_tag_id_foreign` FOREIGN KEY (`tag_id`) REFERENCES `tags` (`id`) ON DELETE CASCADE
) ENGINE=InnoDB DEFAULT CHARSET=utf8mb4 COLLATE=utf8mb4_unicode_ci;
/*!40101 SET character_set_client = @saved_cs_client */;

--
-- Dumping data for table `taggables`
--

LOCK TABLES `taggables` WRITE;
/*!40000 ALTER TABLE `taggables` DISABLE KEYS */;
INSERT INTO `taggables` VALUES (9,'App\\Models\\DataEducation',1),(20,'App\\Models\\DataEducation',1),(14,'App\\Models\\DataEducation',2),(30,'App\\Models\\DataEducation',2),(31,'App\\Models\\DataEducation',2),(14,'App\\Models\\DataEducation',3),(14,'App\\Models\\DataEducation',4),(10,'App\\Models\\DataEducation',5),(12,'App\\Models\\DataEducation',5),(14,'App\\Models\\DataEducation',5),(21,'App\\Models\\DataEducation',5),(32,'App\\Models\\DataEducation',5),(33,'App\\Models\\DataEducation',5),(12,'App\\Models\\DataEducation',6),(14,'App\\Models\\DataEducation',6),(21,'App\\Models\\DataEducation',6),(48,'App\\Models\\DataEducation',6),(49,'App\\Models\\DataEducation',6),(1,'App\\Models\\DataEducation',7),(12,'App\\Models\\DataEducation',7),(14,'App\\Models\\DataEducation',7),(21,'App\\Models\\DataEducation',7),(32,'App\\Models\\DataEducation',7),(33,'App\\Models\\DataEducation',7),(1,'App\\Models\\DataEducation',8),(12,'App\\Models\\DataEducation',8),(14,'App\\Models\\DataEducation',8),(21,'App\\Models\\DataEducation',8),(56,'App\\Models\\DataEducation',8),(57,'App\\Models\\DataEducation',8),(14,'App\\Models\\DataEducation',9),(14,'App\\Models\\DataEducation',10),(14,'App\\Models\\DataEducation',11),(14,'App\\Models\\DataEducation',12),(4,'App\\Models\\DataEducation',13),(5,'App\\Models\\DataEducation',16),(12,'App\\Models\\DataEducation',17),(12,'App\\Models\\DataEducation',18),(2,'App\\Models\\DataEducation',19),(5,'App\\Models\\DataEducation',20),(12,'App\\Models\\DataEducation',21),(4,'App\\Models\\DataEducation',23),(7,'App\\Models\\DataEducation',26),(9,'App\\Models\\DataEducation',26),(9,'App\\Models\\DataEducation',27),(20,'App\\Models\\DataEducation',27),(59,'App\\Models\\DataEducation',27),(5,'App\\Models\\DataEducation',30),(6,'App\\Models\\DataEducation',30),(1,'App\\Models\\Organizations',1),(4,'App\\Models\\Organizations',1),(5,'App\\Models\\Organizations',1),(9,'App\\Models\\Organizations',1),(10,'App\\Models\\Organizations',1),(12,'App\\Models\\Organizations',1),(13,'App\\Models\\Organizations',1),(14,'App\\Models\\Organizations',1),(20,'App\\Models\\Organizations',1),(24,'App\\Models\\Organizations',1),(10,'App\\Models\\Organizations',2),(12,'App\\Models\\Organizations',2),(14,'App\\Models\\Organizations',2),(75,'App\\Models\\Organizations',2),(76,'App\\Models\\Organizations',2),(77,'App\\Models\\Organizations',2),(78,'App\\Models\\Organizations',2),(79,'App\\Models\\Organizations',2),(1,'App\\Models\\Organizations',3),(7,'App\\Models\\Organizations',3),(12,'App\\Models\\Organizations',3),(13,'App\\Models\\Organizations',3),(14,'App\\Models\\Organizations',3),(20,'App\\Models\\Organizations',3),(21,'App\\Models\\Organizations',3),(22,'App\\Models\\Organizations',3),(23,'App\\Models\\Organizations',3),(84,'App\\Models\\Organizations',3),(2,'App\\Models\\Organizations',5),(14,'App\\Models\\Organizations',5),(22,'App\\Models\\Organizations',5),(38,'App\\Models\\Organizations',5),(85,'App\\Models\\Organizations',5),(91,'App\\Models\\Organizations',5),(1,'App\\Models\\Organizations',6),(4,'App\\Models\\Organizations',6),(5,'App\\Models\\Organizations',6),(8,'App\\Models\\Organizations',6),(9,'App\\Models\\Organizations',6),(10,'App\\Models\\Organizations',6),(12,'App\\Models\\Organizations',6),(13,'App\\Models\\Organizations',6),(14,'App\\Models\\Organizations',6),(20,'App\\Models\\Organizations',6),(22,'App\\Models\\Organizations',6),(23,'App\\Models\\Organizations',6),(24,'App\\Models\\Organizations',6),(31,'App\\Models\\Organizations',6),(38,'App\\Models\\Organizations',6),(39,'App\\Models\\Organizations',6),(40,'App\\Models\\Organizations',6),(41,'App\\Models\\Organizations',6),(43,'App\\Models\\Organizations',6),(44,'App\\Models\\Organizations',6),(45,'App\\Models\\Organizations',6),(46,'App\\Models\\Organizations',6),(70,'App\\Models\\Organizations',6),(72,'App\\Models\\Organizations',6),(5,'App\\Models\\Organizations',7),(9,'App\\Models\\Organizations',7),(14,'App\\Models\\Organizations',7),(22,'App\\Models\\Organizations',7),(39,'App\\Models\\Organizations',7),(43,'App\\Models\\Organizations',7),(47,'App\\Models\\Organizations',7),(58,'App\\Models\\Organizations',7),(59,'App\\Models\\Organizations',7),(60,'App\\Models\\Organizations',7),(70,'App\\Models\\Organizations',7),(78,'App\\Models\\Organizations',7),(1,'App\\Models\\Organizations',8),(4,'App\\Models\\Organizations',8),(5,'App\\Models\\Organizations',8),(9,'App\\Models\\Organizations',8),(12,'App\\Models\\Organizations',8),(14,'App\\Models\\Organizations',8),(20,'App\\Models\\Organizations',8),(22,'App\\Models\\Organizations',8),(23,'App\\Models\\Organizations',8),(38,'App\\Models\\Organizations',8),(39,'App\\Models\\Organizations',8),(40,'App\\Models\\Organizations',8),(43,'App\\Models\\Organizations',8),(46,'App\\Models\\Organizations',8),(85,'App\\Models\\Organizations',8),(86,'App\\Models\\Organizations',8),(4,'App\\Models\\Organizations',9),(6,'App\\Models\\Organizations',9),(47,'App\\Models\\Organizations',9),(7,'App\\Models\\Organizations',10),(9,'App\\Models\\Organizations',11),(2,'App\\Models\\Organizations',13),(10,'App\\Models\\Organizations',13),(14,'App\\Models\\Organizations',13),(20,'App\\Models\\Organizations',13),(24,'App\\Models\\Organizations',13),(83,'App\\Models\\Organizations',13),(85,'App\\Models\\Organizations',13),(87,'App\\Models\\Organizations',13),(88,'App\\Models\\Organizations',13),(14,'App\\Models\\Organizations',16),(20,'App\\Models\\Organizations',16),(23,'App\\Models\\Organizations',16),(60,'App\\Models\\Organizations',16),(89,'App\\Models\\Organizations',17),(14,'App\\Models\\Organizations',19),(20,'App\\Models\\Organizations',19),(21,'App\\Models\\Organizations',19),(30,'App\\Models\\Organizations',19),(43,'App\\Models\\Organizations',19),(44,'App\\Models\\Organizations',19),(56,'App\\Models\\Organizations',19),(70,'App\\Models\\Organizations',19),(74,'App\\Models\\Organizations',19),(82,'App\\Models\\Organizations',19),(85,'App\\Models\\Organizations',19),(87,'App\\Models\\Organizations',19),(91,'App\\Models\\Organizations',19),(92,'App\\Models\\Organizations',19),(93,'App\\Models\\Organizations',19),(94,'App\\Models\\Organizations',19),(95,'App\\Models\\Organizations',19),(1,'App\\Models\\Projects',1),(2,'App\\Models\\Projects',1),(4,'App\\Models\\Projects',1),(10,'App\\Models\\Projects',1),(13,'App\\Models\\Projects',1),(21,'App\\Models\\Projects',1),(25,'App\\Models\\Projects',1),(26,'App\\Models\\Projects',1),(27,'App\\Models\\Projects',1),(28,'App\\Models\\Projects',1),(1,'App\\Models\\Projects',2),(2,'App\\Models\\Projects',2),(25,'App\\Models\\Projects',2),(26,'App\\Models\\Projects',2),(27,'App\\Models\\Projects',2),(28,'App\\Models\\Projects',2),(1,'App\\Models\\Projects',3),(3,'App\\Models\\Projects',3),(4,'App\\Models\\Projects',3),(9,'App\\Models\\Projects',3),(10,'App\\Models\\Projects',3),(6,'App\\Models\\Projects',4),(9,'App\\Models\\Projects',4),(11,'App\\Models\\Projects',4),(4,'App\\Models\\Projects',5),(10,'App\\Models\\Projects',5),(12,'App\\Models\\Projects',5),(17,'App\\Models\\Projects',5),(18,'App\\Models\\Projects',5),(19,'App\\Models\\Projects',5),(4,'App\\Models\\Projects',6),(1,'App\\Models\\Projects',7),(20,'App\\Models\\Projects',7),(1,'App\\Models\\Projects',8),(2,'App\\Models\\Projects',8),(25,'App\\Models\\Projects',8),(28,'App\\Models\\Projects',8),(34,'App\\Models\\Projects',8),(35,'App\\Models\\Projects',8),(1,'App\\Models\\Projects',9),(2,'App\\Models\\Projects',9),(12,'App\\Models\\Projects',9),(25,'App\\Models\\Projects',9),(28,'App\\Models\\Projects',9),(34,'App\\Models\\Projects',9),(35,'App\\Models\\Projects',9),(1,'App\\Models\\Projects',10),(2,'App\\Models\\Projects',10),(25,'App\\Models\\Projects',10),(28,'App\\Models\\Projects',10),(34,'App\\Models\\Projects',10),(35,'App\\Models\\Projects',10),(9,'App\\Models\\Projects',11),(5,'App\\Models\\Projects',12),(14,'App\\Models\\Projects',12),(22,'App\\Models\\Projects',12),(36,'App\\Models\\Projects',12),(37,'App\\Models\\Projects',12),(1,'App\\Models\\Projects',13),(2,'App\\Models\\Projects',13),(4,'App\\Models\\Projects',13),(8,'App\\Models\\Projects',13),(9,'App\\Models\\Projects',13),(10,'App\\Models\\Projects',13),(12,'App\\Models\\Projects',13),(13,'App\\Models\\Projects',13),(14,'App\\Models\\Projects',13),(20,'App\\Models\\Projects',13),(21,'App\\Models\\Projects',13),(28,'App\\Models\\Projects',13),(31,'App\\Models\\Projects',13),(41,'App\\Models\\Projects',13),(58,'App\\Models\\Projects',13),(71,'App\\Models\\Projects',13),(12,'App\\Models\\Projects',14),(14,'App\\Models\\Projects',14),(13,'App\\Models\\Projects',15),(14,'App\\Models\\Projects',15),(53,'App\\Models\\Projects',15),(54,'App\\Models\\Projects',15),(13,'App\\Models\\Projects',16),(14,'App\\Models\\Projects',16),(50,'App\\Models\\Projects',16),(51,'App\\Models\\Projects',16),(52,'App\\Models\\Projects',16),(53,'App\\Models\\Projects',16),(54,'App\\Models\\Projects',16),(1,'App\\Models\\Projects',17),(4,'App\\Models\\Projects',17),(54,'App\\Models\\Projects',17),(55,'App\\Models\\Projects',17),(1,'App\\Models\\Projects',18),(4,'App\\Models\\Projects',18),(12,'App\\Models\\Projects',18),(13,'App\\Models\\Projects',18),(14,'App\\Models\\Projects',18),(20,'App\\Models\\Projects',18),(41,'App\\Models\\Projects',18),(1,'App\\Models\\Projects',19),(4,'App\\Models\\Projects',19),(10,'App\\Models\\Projects',19),(55,'App\\Models\\Projects',19),(1,'App\\Models\\Projects',20),(4,'App\\Models\\Projects',20),(10,'App\\Models\\Projects',20),(12,'App\\Models\\Projects',20),(55,'App\\Models\\Projects',20),(2,'App\\Models\\Projects',21),(9,'App\\Models\\Projects',21),(70,'App\\Models\\Projects',21),(1,'App\\Models\\Projects',22),(10,'App\\Models\\Projects',22),(14,'App\\Models\\Projects',22),(22,'App\\Models\\Projects',22),(61,'App\\Models\\Projects',22),(62,'App\\Models\\Projects',22),(1,'App\\Models\\Projects',23),(5,'App\\Models\\Projects',23),(8,'App\\Models\\Projects',23),(9,'App\\Models\\Projects',23),(12,'App\\Models\\Projects',23),(14,'App\\Models\\Projects',23),(67,'App\\Models\\Projects',23),(4,'App\\Models\\Projects',24),(9,'App\\Models\\Projects',24),(13,'App\\Models\\Projects',24),(14,'App\\Models\\Projects',24),(23,'App\\Models\\Projects',24),(30,'App\\Models\\Projects',24),(31,'App\\Models\\Projects',24),(41,'App\\Models\\Projects',24),(46,'App\\Models\\Projects',24),(1,'App\\Models\\Projects',25),(4,'App\\Models\\Projects',25),(12,'App\\Models\\Projects',25),(54,'App\\Models\\Projects',25),(55,'App\\Models\\Projects',25),(65,'App\\Models\\Projects',25),(68,'App\\Models\\Projects',25),(1,'App\\Models\\Projects',26),(4,'App\\Models\\Projects',26),(12,'App\\Models\\Projects',26),(54,'App\\Models\\Projects',26),(55,'App\\Models\\Projects',26),(68,'App\\Models\\Projects',26),(69,'App\\Models\\Projects',26),(1,'App\\Models\\Projects',27),(4,'App\\Models\\Projects',27),(12,'App\\Models\\Projects',27),(54,'App\\Models\\Projects',27),(55,'App\\Models\\Projects',27),(65,'App\\Models\\Projects',27),(68,'App\\Models\\Projects',27),(14,'App\\Models\\Projects',28),(21,'App\\Models\\Projects',28),(50,'App\\Models\\Projects',28),(51,'App\\Models\\Projects',28),(1,'App\\Models\\Projects',29),(4,'App\\Models\\Projects',29),(13,'App\\Models\\Projects',29),(20,'App\\Models\\Projects',29),(42,'App\\Models\\Projects',29),(47,'App\\Models\\Projects',29),(73,'App\\Models\\Projects',29),(74,'App\\Models\\Projects',29),(1,'App\\Models\\Projects',30),(4,'App\\Models\\Projects',30),(8,'App\\Models\\Projects',30),(12,'App\\Models\\Projects',30),(14,'App\\Models\\Projects',30),(22,'App\\Models\\Projects',30),(38,'App\\Models\\Projects',30),(43,'App\\Models\\Projects',30),(1,'App\\Models\\Projects',31),(4,'App\\Models\\Projects',31),(8,'App\\Models\\Projects',31),(12,'App\\Models\\Projects',31),(14,'App\\Models\\Projects',31),(22,'App\\Models\\Projects',31),(23,'App\\Models\\Projects',31),(39,'App\\Models\\Projects',31),(43,'App\\Models\\Projects',31),(1,'App\\Models\\Projects',32),(4,'App\\Models\\Projects',32),(5,'App\\Models\\Projects',32),(8,'App\\Models\\Projects',32),(9,'App\\Models\\Projects',32),(12,'App\\Models\\Projects',32),(14,'App\\Models\\Projects',32),(22,'App\\Models\\Projects',32),(23,'App\\Models\\Projects',32),(38,'App\\Models\\Projects',32),(43,'App\\Models\\Projects',32),(1,'App\\Models\\Projects',33),(14,'App\\Models\\Projects',33),(50,'App\\Models\\Projects',33),(58,'App\\Models\\Projects',33),(80,'App\\Models\\Projects',33),(1,'App\\Models\\Projects',34),(5,'App\\Models\\Projects',34),(9,'App\\Models\\Projects',34),(10,'App\\Models\\Projects',34),(14,'App\\Models\\Projects',34),(39,'App\\Models\\Projects',34),(42,'App\\Models\\Projects',34),(59,'App\\Models\\Projects',34),(81,'App\\Models\\Projects',34),(82,'App\\Models\\Projects',34),(83,'App\\Models\\Projects',34),(2,'App\\Models\\Projects',35),(21,'App\\Models\\Projects',35),(5,'App\\Models\\Projects',36),(14,'App\\Models\\Projects',36),(90,'App\\Models\\Projects',36),(4,'App\\Models\\Projects',37),(7,'App\\Models\\Projects',38),(12,'App\\Models\\Projects',38),(47,'App\\Models\\Projects',38),(14,'App\\Models\\Projects',40),(22,'App\\Models\\Projects',40),(92,'App\\Models\\Projects',40),(2,'App\\Models\\Projects',43),(12,'App\\Models\\Projects',43),(13,'App\\Models\\Projects',43),(4,'App\\Models\\WhatsOn',1),(5,'App\\Models\\WhatsOn',2),(6,'App\\Models\\WhatsOn',2),(3,'App\\Models\\WhatsOn',3),(4,'App\\Models\\WhatsOn',3),(7,'App\\Models\\WhatsOn',3),(4,'App\\Models\\WhatsOn',4),(13,'App\\Models\\WhatsOn',4),(14,'App\\Models\\WhatsOn',4),(15,'App\\Models\\WhatsOn',4),(16,'App\\Models\\WhatsOn',4),(10,'App\\Models\\WhatsOn',6),(14,'App\\Models\\WhatsOn',6),(20,'App\\Models\\WhatsOn',6),(1,'App\\Models\\WhatsOn',7),(8,'App\\Models\\WhatsOn',7),(20,'App\\Models\\WhatsOn',7),(24,'App\\Models\\WhatsOn',7),(14,'App\\Models\\WhatsOn',8),(1,'App\\Models\\WhatsOn',9),(4,'App\\Models\\WhatsOn',9),(5,'App\\Models\\WhatsOn',9),(8,'App\\Models\\WhatsOn',9),(10,'App\\Models\\WhatsOn',9),(12,'App\\Models\\WhatsOn',9),(13,'App\\Models\\WhatsOn',9),(14,'App\\Models\\WhatsOn',9),(20,'App\\Models\\WhatsOn',9),(21,'App\\Models\\WhatsOn',9),(28,'App\\Models\\WhatsOn',9),(31,'App\\Models\\WhatsOn',9),(38,'App\\Models\\WhatsOn',9),(40,'App\\Models\\WhatsOn',9),(41,'App\\Models\\WhatsOn',9),(42,'App\\Models\\WhatsOn',9),(44,'App\\Models\\WhatsOn',9),(47,'App\\Models\\WhatsOn',9),(1,'App\\Models\\WhatsOn',10),(4,'App\\Models\\WhatsOn',10),(12,'App\\Models\\WhatsOn',10),(14,'App\\Models\\WhatsOn',10),(22,'App\\Models\\WhatsOn',10),(1,'App\\Models\\WhatsOn',11),(5,'App\\Models\\WhatsOn',11),(12,'App\\Models\\WhatsOn',11),(14,'App\\Models\\WhatsOn',11),(41,'App\\Models\\WhatsOn',11),(55,'App\\Models\\WhatsOn',11),(59,'App\\Models\\WhatsOn',11),(63,'App\\Models\\WhatsOn',11),(64,'App\\Models\\WhatsOn',11),(65,'App\\Models\\WhatsOn',11),(66,'App\\Models\\WhatsOn',11),(1,'App\\Models\\WhatsOn',12),(4,'App\\Models\\WhatsOn',12),(5,'App\\Models\\WhatsOn',12),(9,'App\\Models\\WhatsOn',12),(12,'App\\Models\\WhatsOn',12),(14,'App\\Models\\WhatsOn',12),(41,'App\\Models\\WhatsOn',12),(55,'App\\Models\\WhatsOn',12),(59,'App\\Models\\WhatsOn',12),(63,'App\\Models\\WhatsOn',12),(64,'App\\Models\\WhatsOn',12),(65,'App\\Models\\WhatsOn',12),(66,'App\\Models\\WhatsOn',12),(1,'App\\Models\\WhatsOn',13),(4,'App\\Models\\WhatsOn',13),(24,'App\\Models\\WhatsOn',13),(14,'App\\Models\\WhatsOn',14),(14,'App\\Models\\WhatsOn',15),(5,'App\\Models\\WhatsOn',16),(14,'App\\Models\\WhatsOn',16),(5,'App\\Models\\WhatsOn',17),(14,'App\\Models\\WhatsOn',17),(58,'App\\Models\\WhatsOn',17),(14,'App\\Models\\WhatsOn',18),(12,'App\\Models\\WhatsOn',19);
/*!40000 ALTER TABLE `taggables` ENABLE KEYS */;
UNLOCK TABLES;

--
-- Table structure for table `tags`
--

DROP TABLE IF EXISTS `tags`;
/*!40101 SET @saved_cs_client     = @@character_set_client */;
/*!50503 SET character_set_client = utf8mb4 */;
CREATE TABLE `tags` (
  `id` bigint unsigned NOT NULL AUTO_INCREMENT,
  `name` longtext CHARACTER SET utf8mb4 COLLATE utf8mb4_bin NOT NULL,
  `slug` longtext CHARACTER SET utf8mb4 COLLATE utf8mb4_bin NOT NULL,
  `type` varchar(255) COLLATE utf8mb4_unicode_ci DEFAULT NULL,
  `order_column` int DEFAULT NULL,
  `created_at` timestamp NULL DEFAULT NULL,
  `updated_at` timestamp NULL DEFAULT NULL,
  `deleted_at` timestamp NULL DEFAULT NULL,
  PRIMARY KEY (`id`),
  CONSTRAINT `tags_chk_1` CHECK (json_valid(`name`)),
  CONSTRAINT `tags_chk_2` CHECK (json_valid(`slug`))
) ENGINE=InnoDB AUTO_INCREMENT=97 DEFAULT CHARSET=utf8mb4 COLLATE=utf8mb4_unicode_ci;
/*!40101 SET character_set_client = @saved_cs_client */;

--
-- Dumping data for table `tags`
--

LOCK TABLES `tags` WRITE;
/*!40000 ALTER TABLE `tags` DISABLE KEYS */;
INSERT INTO `tags` VALUES (1,'{\"en\":\"Flora\"}','{\"en\":\"flora\"}','1',1,'2022-12-02 04:35:06','2022-12-02 04:35:06',NULL),(2,'{\"en\":\"Economics\"}','{\"en\":\"economics\"}','2',2,'2022-12-02 04:35:06','2022-12-02 04:35:06',NULL),(3,'{\"en\":\"Sample Tags 5\"}','{\"en\":\"sample-tags-5\"}','3',3,'2022-12-02 04:35:06','2022-12-02 04:35:06',NULL),(4,'{\"en\":\"Landscapes (land and sea)\"}','{\"en\":\"landscapes-land-and-sea\"}','1',4,'2022-12-04 05:17:40','2022-12-04 05:17:40',NULL),(5,'{\"en\":\"Pollution\"}','{\"en\":\"pollution\"}','1',5,'2022-12-04 05:26:04','2022-12-04 05:26:04',NULL),(6,'{\"en\":\"Finance and Accounting\"}','{\"en\":\"finance-and-accounting\"}','2',6,'2022-12-04 05:26:04','2022-12-04 05:26:04',NULL),(7,'{\"en\":\"Engineering and Information Technology\"}','{\"en\":\"engineering-and-information-technology\"}','2',7,'2022-12-04 05:27:35','2022-12-04 05:27:35',NULL),(8,'{\"en\":\"Legislation\\/Legal Action\"}','{\"en\":\"legislationlegal-action\"}','2',8,'2022-12-04 08:09:22','2022-12-04 08:09:22',NULL),(9,'{\"en\":\"Disaster management and Climate Change\"}','{\"en\":\"disaster-management-and-climate-change\"}','1',9,'2022-12-08 04:28:11','2022-12-08 04:28:11',NULL),(10,'{\"en\":\"Science\"}','{\"en\":\"science\"}','2',10,'2022-12-08 04:28:11','2022-12-08 04:28:11',NULL),(11,'{\"en\":\"Sample Tags 4\"}','{\"en\":\"sample-tags-4\"}','3',11,'2022-12-08 05:14:49','2022-12-08 05:14:49',NULL),(12,'{\"en\":\"Fauna\"}','{\"en\":\"fauna\"}','1',12,'2022-12-08 05:57:49','2022-12-08 05:57:49',NULL),(13,'{\"en\":\"Sustainable Production and Livelihoods\"}','{\"en\":\"sustainable-production-and-livelihoods\"}','1',13,'2022-12-08 07:06:43','2022-12-08 07:06:43',NULL),(14,'{\"en\":\"Education and Awareness Raising\"}','{\"en\":\"education-and-awareness-raising\"}','2',14,'2022-12-08 07:06:43','2022-12-08 07:06:43',NULL),(15,'{\"en\":\"career guidance\"}','{\"en\":\"career-guidance\"}','3',15,'2022-12-08 07:06:43','2022-12-08 07:06:43',NULL),(16,'{\"en\":\"ENVFORCE\"}','{\"en\":\"envforce\"}','3',16,'2022-12-08 07:06:43','2022-12-08 07:06:43',NULL),(17,'{\"en\":\"Decent work and economic growth\"}','{\"en\":\"decent-work-and-economic-growth\"}','3',17,'2022-12-08 07:15:53','2022-12-08 07:15:53',NULL),(18,'{\"en\":\"Sustainable cities and communities\"}','{\"en\":\"sustainable-cities-and-communities\"}','3',18,'2022-12-08 07:15:53','2022-12-08 07:15:53',NULL),(19,'{\"en\":\"No poverty\"}','{\"en\":\"no-poverty\"}','3',19,'2022-12-08 07:15:53','2022-12-08 07:15:53',NULL),(20,'{\"en\":\"Policy and Administration\"}','{\"en\":\"policy-and-administration\"}','2',20,'2022-12-08 12:30:33','2022-12-08 12:30:33',NULL),(21,'{\"en\":\"Sustainable Tourism\"}','{\"en\":\"sustainable-tourism\"}','1',21,'2022-12-09 04:33:18','2022-12-09 04:33:18',NULL),(22,'{\"en\":\"Youth\"}','{\"en\":\"youth\"}','3',22,'2022-12-09 04:33:18','2022-12-09 04:33:18',NULL),(23,'{\"en\":\"Public Sector\"}','{\"en\":\"public-sector\"}','3',23,'2022-12-09 04:33:18','2022-12-09 04:33:18',NULL),(24,'{\"en\":\"Urban & Regional Planning and Physical Infrastructure\\/ Built Environment\"}','{\"en\":\"urban-regional-planning-and-physical-infrastructure-built-environment\"}','1',24,'2022-12-09 04:48:37','2022-12-09 04:48:37',NULL),(25,'{\"en\":\"SDG01-No Poverty\"}','{\"en\":\"sdg01-no-poverty\"}','3',25,'2022-12-09 05:09:46','2022-12-09 05:09:46',NULL),(26,'{\"en\":\"SDG08-Decent work and economic growth\"}','{\"en\":\"sdg08-decent-work-and-economic-growth\"}','3',26,'2022-12-09 05:09:46','2022-12-09 05:09:46',NULL),(27,'{\"en\":\"SDG11-Sustainable cities and communities\"}','{\"en\":\"sdg11-sustainable-cities-and-communities\"}','3',27,'2022-12-09 05:09:46','2022-12-09 05:09:46',NULL),(28,'{\"en\":\"SDG15-Life on land\"}','{\"en\":\"sdg15-life-on-land\"}','3',28,'2022-12-09 05:09:46','2022-12-09 05:09:46',NULL),(29,'{\"en\":\"SDG08- Decent work and economic growth\"}','{\"en\":\"sdg08-decent-work-and-economic-growth\"}','3',29,'2022-12-09 10:05:13','2022-12-09 10:05:13',NULL),(30,'{\"en\":\"SME\"}','{\"en\":\"sme\"}','3',30,'2022-12-09 17:27:25','2022-12-09 17:27:25',NULL),(31,'{\"en\":\"Government and semi-government\"}','{\"en\":\"government-and-semi-government\"}','3',31,'2022-12-09 17:27:25','2022-12-09 17:27:25',NULL),(32,'{\"en\":\"SDG 04 \\u2013 Quality Education\"}','{\"en\":\"sdg-04-quality-education\"}','3',32,'2022-12-10 00:59:24','2022-12-10 00:59:24',NULL),(33,'{\"en\":\"SDG 10 \\u2013 Reduced Inequalities\"}','{\"en\":\"sdg-10-reduced-inequalities\"}','3',33,'2022-12-10 00:59:24','2022-12-10 00:59:24',NULL),(34,'{\"en\":\"SDG08-Decent Work & Economic Growth\"}','{\"en\":\"sdg08-decent-work-economic-growth\"}','3',34,'2022-12-10 01:45:52','2022-12-10 01:45:52',NULL),(35,'{\"en\":\"SDG11-Sustainable Cities & Communities\"}','{\"en\":\"sdg11-sustainable-cities-communities\"}','3',35,'2022-12-10 01:45:52','2022-12-10 01:45:52',NULL),(36,'{\"en\":\"Marine\"}','{\"en\":\"marine\"}','3',36,'2022-12-10 11:22:12','2022-12-10 11:22:12',NULL),(37,'{\"en\":\"SDG14 - Life Below Water\"}','{\"en\":\"sdg14-life-below-water\"}','3',37,'2022-12-10 11:22:12','2022-12-10 11:22:12',NULL),(38,'{\"en\":\"Water\"}','{\"en\":\"water\"}','1',38,'2022-12-10 12:41:14','2022-12-10 12:41:14',NULL),(39,'{\"en\":\"Energy\"}','{\"en\":\"energy\"}','1',39,'2022-12-10 12:41:14','2022-12-10 12:41:14',NULL),(40,'{\"en\":\"Natural Resource Extraction\"}','{\"en\":\"natural-resource-extraction\"}','1',40,'2022-12-10 12:41:14','2022-12-10 12:41:14',NULL),(41,'{\"en\":\"Agriculture and Fisheries\"}','{\"en\":\"agriculture-and-fisheries\"}','1',41,'2022-12-10 12:41:14','2022-12-10 12:41:14',NULL),(42,'{\"en\":\"Public Health\"}','{\"en\":\"public-health\"}','2',42,'2022-12-10 12:41:14','2022-12-10 12:41:14',NULL),(43,'{\"en\":\"Public university or training college\"}','{\"en\":\"public-university-or-training-college\"}','3',43,'2022-12-10 12:41:14','2022-12-10 12:41:14',NULL),(44,'{\"en\":\"Private Sector\"}','{\"en\":\"private-sector\"}','3',44,'2022-12-10 12:41:14','2022-12-10 12:41:14',NULL),(45,'{\"en\":\"Media\"}','{\"en\":\"media\"}','3',45,'2022-12-10 12:41:14','2022-12-10 12:41:14',NULL),(46,'{\"en\":\"Research organisation\"}','{\"en\":\"research-organisation\"}','3',46,'2022-12-10 12:41:14','2022-12-10 12:41:14',NULL),(47,'{\"en\":\"Ethnic minorities\"}','{\"en\":\"ethnic-minorities\"}','3',47,'2022-12-10 13:15:13','2022-12-10 13:15:13',NULL),(48,'{\"en\":\"SDG04-Quality Education\"}','{\"en\":\"sdg04-quality-education\"}','3',48,'2022-12-12 02:49:45','2022-12-12 02:49:45',NULL),(49,'{\"en\":\"SDG10-Reduced Inequalities\"}','{\"en\":\"sdg10-reduced-inequalities\"}','3',49,'2022-12-12 02:49:45','2022-12-12 02:49:45',NULL),(50,'{\"en\":\"SDG 4 - Quality Education\"}','{\"en\":\"sdg-4-quality-education\"}','3',50,'2022-12-12 05:05:55','2022-12-12 05:05:55',NULL),(51,'{\"en\":\"SDG 10 - Reduced Inequalities\"}','{\"en\":\"sdg-10-reduced-inequalities\"}','3',51,'2022-12-12 05:05:55','2022-12-12 05:05:55',NULL),(52,'{\"en\":\"SDG 5 - Gender Equality\"}','{\"en\":\"sdg-5-gender-equality\"}','3',52,'2022-12-12 05:05:55','2022-12-12 05:05:55',NULL),(53,'{\"en\":\"SDG 12 - Responsible Consumption and Production\"}','{\"en\":\"sdg-12-responsible-consumption-and-production\"}','3',53,'2022-12-12 05:05:55','2022-12-12 05:05:55',NULL),(54,'{\"en\":\"SDG 11 - Sustainable Cities and Communities\"}','{\"en\":\"sdg-11-sustainable-cities-and-communities\"}','3',54,'2022-12-12 05:05:55','2022-12-12 05:05:55',NULL),(55,'{\"en\":\"SDG 15 - Life on Land\"}','{\"en\":\"sdg-15-life-on-land\"}','3',55,'2022-12-12 05:17:54','2022-12-12 05:17:54',NULL),(56,'{\"en\":\"SDG04 \\u2013 Quality Education\"}','{\"en\":\"sdg04-quality-education\"}','3',56,'2022-12-12 07:53:12','2022-12-12 07:53:12',NULL),(57,'{\"en\":\"SDG10 \\u2013 Reduced Inequalities\"}','{\"en\":\"sdg10-reduced-inequalities\"}','3',57,'2022-12-12 07:53:12','2022-12-12 07:53:12',NULL),(58,'{\"en\":\"Sustainable Food\"}','{\"en\":\"sustainable-food\"}','1',58,'2022-12-12 10:07:47','2022-12-12 10:07:47',NULL),(59,'{\"en\":\"Gender\"}','{\"en\":\"gender\"}','3',59,'2022-12-12 10:07:47','2022-12-12 10:07:47',NULL),(60,'{\"en\":\"People with Disabilities\"}','{\"en\":\"people-with-disabilities\"}','3',60,'2022-12-12 10:07:47','2022-12-12 10:07:47',NULL),(61,'{\"en\":\"SDG4-Education\"}','{\"en\":\"sdg4-education\"}','3',61,'2022-12-12 10:33:44','2022-12-12 10:33:44',NULL),(62,'{\"en\":\"Tree Planting\"}','{\"en\":\"tree-planting\"}','3',62,'2022-12-12 10:33:44','2022-12-12 10:33:44',NULL),(63,'{\"en\":\"SDG 4- Education\"}','{\"en\":\"sdg-4-education\"}','3',63,'2022-12-12 10:48:52','2022-12-12 10:48:52',NULL),(64,'{\"en\":\"SDG 13 - Climate Change\"}','{\"en\":\"sdg-13-climate-change\"}','3',64,'2022-12-12 10:48:52','2022-12-12 10:48:52',NULL),(65,'{\"en\":\"SDG 8 - Decent work and economic growth\"}','{\"en\":\"sdg-8-decent-work-and-economic-growth\"}','3',65,'2022-12-12 10:48:52','2022-12-12 10:48:52',NULL),(66,'{\"en\":\"SDG 7 - Affordable and Clean energy\"}','{\"en\":\"sdg-7-affordable-and-clean-energy\"}','3',66,'2022-12-12 10:48:52','2022-12-12 10:48:52',NULL),(67,'{\"en\":\"SDG16-Peace, Justice and Strong Instituion\"}','{\"en\":\"sdg16-peace-justice-and-strong-instituion\"}','3',67,'2022-12-12 12:11:47','2022-12-12 12:11:47',NULL),(68,'{\"en\":\"SDG 1 - No Poverty\"}','{\"en\":\"sdg-1-no-poverty\"}','3',68,'2022-12-13 05:35:35','2022-12-13 05:35:35',NULL),(69,'{\"en\":\"SDG 8 - Decent Work & Economic Growth\"}','{\"en\":\"sdg-8-decent-work-economic-growth\"}','3',69,'2022-12-13 05:39:01','2022-12-13 05:39:01',NULL),(70,'{\"en\":\"Low income\"}','{\"en\":\"low-income\"}','3',70,'2022-12-13 06:23:39','2022-12-13 06:23:39',NULL),(71,'{\"en\":\"SDG14-Life Below Water\"}','{\"en\":\"sdg14-life-below-water\"}','3',71,'2022-12-14 06:31:47','2022-12-14 06:31:47',NULL),(72,'{\"en\":\"Large corporation\"}','{\"en\":\"large-corporation\"}','3',72,'2022-12-14 07:08:22','2022-12-14 07:08:22',NULL),(73,'{\"en\":\"SDG01 - No Poverty\"}','{\"en\":\"sdg01-no-poverty\"}','3',73,'2022-12-14 08:03:10','2022-12-14 08:03:10',NULL),(74,'{\"en\":\"SDG12 \\u2013 Responsible Consumption and Production\"}','{\"en\":\"sdg12-responsible-consumption-and-production\"}','3',74,'2022-12-14 08:03:10','2022-12-14 08:03:10',NULL),(75,'{\"en\":\"Fauna - Vertibrates - Mammaia - Mammals\"}','{\"en\":\"fauna-vertibrates-mammaia-mammals\"}','1',75,'2022-12-14 09:26:13','2022-12-14 09:26:13',NULL),(76,'{\"en\":\"Flora - Plants\"}','{\"en\":\"flora-plants\"}','1',76,'2022-12-14 09:26:13','2022-12-14 09:26:13',NULL),(77,'{\"en\":\"Sustainable Production and Livelihoods - Training and skills development programs\"}','{\"en\":\"sustainable-production-and-livelihoods-training-and-skills-development-programs\"}','1',77,'2022-12-14 09:26:13','2022-12-14 09:26:13',NULL),(78,'{\"en\":\"Sustainable Production and Livelihoods - Waste Management - Recycle\"}','{\"en\":\"sustainable-production-and-livelihoods-waste-management-recycle\"}','1',78,'2022-12-14 09:26:13','2022-12-14 09:26:13',NULL),(79,'{\"en\":\"Sustainable Production and Livelihoods - Waste Management - Reuse \\/ Upcycle\"}','{\"en\":\"sustainable-production-and-livelihoods-waste-management-reuse-upcycle\"}','1',79,'2022-12-14 09:26:13','2022-12-14 09:26:13',NULL),(80,'{\"en\":\"SDG 3 -Good Health and Well being\"}','{\"en\":\"sdg-3-good-health-and-well-being\"}','3',80,'2022-12-14 10:07:29','2022-12-14 10:07:29',NULL),(81,'{\"en\":\"SDG06 \\u2013 Clean Water and Sanitation\"}','{\"en\":\"sdg06-clean-water-and-sanitation\"}','3',81,'2022-12-14 10:19:38','2022-12-14 10:19:38',NULL),(82,'{\"en\":\"SDG15 \\u2013 Life On Land\"}','{\"en\":\"sdg15-life-on-land\"}','3',82,'2022-12-14 10:19:38','2022-12-14 10:19:38',NULL),(83,'{\"en\":\"SDG13 \\u2013 Climate Action\"}','{\"en\":\"sdg13-climate-action\"}','3',83,'2022-12-14 10:19:38','2022-12-14 10:19:38',NULL),(84,'{\"en\":\"SDG03 \\u2013 Good Health and Wellbeing\"}','{\"en\":\"sdg03-good-health-and-wellbeing\"}','3',84,'2022-12-14 11:09:04','2022-12-14 11:09:04',NULL),(85,'{\"en\":\"Legislation \\/ Legal Research and Action\"}','{\"en\":\"legislation-legal-research-and-action\"}','2',85,'2022-12-14 12:02:43','2022-12-14 12:02:43',NULL),(86,'{\"en\":\"SDG16 \\u2013 Peace, Justice and Strong Institutions\"}','{\"en\":\"sdg16-peace-justice-and-strong-institutions\"}','3',86,'2022-12-14 12:02:43','2022-12-14 12:02:43',NULL),(87,'{\"en\":\"SDG11 \\u2013 Sustainable Cities and Communities\"}','{\"en\":\"sdg11-sustainable-cities-and-communities\"}','3',87,'2022-12-14 13:24:26','2022-12-14 13:24:26',NULL),(88,'{\"en\":\"SDG09 \\u2013 Industry, Innovation and Infrastructure\"}','{\"en\":\"sdg09-industry-innovation-and-infrastructure\"}','3',88,'2022-12-14 13:24:26','2022-12-14 13:24:26',NULL),(89,'{\"en\":\"Sustainable Food and Agriculture & Fisheries - Sustainable Farming Methods - Human Animal Conflict mitigation\"}','{\"en\":\"sustainable-food-and-agriculture-fisheries-sustainable-farming-methods-human-animal-conflict-mitigation\"}','1',89,'2022-12-14 13:30:36','2022-12-14 13:30:36',NULL),(90,'{\"en\":\"Ecosystems - Shallow water (less than 200m depth) - Sea grass beds\"}','{\"en\":\"ecosystems-shallow-water-less-than-200m-depth-sea-grass-beds\"}','1',90,'2022-12-14 17:46:57','2022-12-14 17:46:57',NULL),(91,'{\"en\":\"SDG14 \\u2013 Life Below Water\"}','{\"en\":\"sdg14-life-below-water\"}','3',91,'2022-12-16 18:04:57','2022-12-16 18:04:57',NULL),(92,'{\"en\":\"Sustainable Tourism - Training and Skills Development\"}','{\"en\":\"sustainable-tourism-training-and-skills-development\"}','1',92,'2023-01-06 03:41:25','2023-01-06 03:41:25',NULL),(93,'{\"en\":\"Sustainable Tourism - Nature Based Tourism (NBT) and Community Based Toursim (CBT) - Products (eg: Guided walks, experiential tours etc)\"}','{\"en\":\"sustainable-tourism-nature-based-tourism-nbt-and-community-based-toursim-cbt-products-eg-guided-walks-experiential-tours-etc\"}','1',93,'2023-01-06 03:41:25','2023-01-06 03:41:25',NULL),(94,'{\"en\":\"Sustainable Tourism - Nature Based Tourism (NBT) and Community Based Toursim (CBT) - Standards (eg: Eco-standards)\"}','{\"en\":\"sustainable-tourism-nature-based-tourism-nbt-and-community-based-toursim-cbt-standards-eg-eco-standards\"}','1',94,'2023-01-06 03:41:25','2023-01-06 03:41:25',NULL),(95,'{\"en\":\"Sustainable Tourism - Nature Based Tourism (NBT) and Community Based Toursim (CBT) - Marketing (eg: Eco tourism fairs, digital platforms etc)\"}','{\"en\":\"sustainable-tourism-nature-based-tourism-nbt-and-community-based-toursim-cbt-marketing-eg-eco-tourism-fairs-digital-platforms-etc\"}','1',95,'2023-01-06 03:41:25','2023-01-06 03:41:25',NULL),(96,'{\"en\":\"Fauna - Vertibrates - Actinopterygii - Bony Fish\"}','{\"en\":\"fauna-vertibrates-actinopterygii-bony-fish\"}','1',96,'2023-02-23 09:20:41','2023-02-23 09:20:41',NULL);
/*!40000 ALTER TABLE `tags` ENABLE KEYS */;
UNLOCK TABLES;

--
-- Table structure for table `users`
--

DROP TABLE IF EXISTS `users`;
/*!40101 SET @saved_cs_client     = @@character_set_client */;
/*!50503 SET character_set_client = utf8mb4 */;
CREATE TABLE `users` (
  `id` bigint unsigned NOT NULL AUTO_INCREMENT,
  `name` varchar(255) COLLATE utf8mb4_unicode_ci NOT NULL,
  `email` varchar(255) COLLATE utf8mb4_unicode_ci NOT NULL,
  `user_role` tinyint NOT NULL,
  `contact_details` longtext CHARACTER SET utf8mb4 COLLATE utf8mb4_bin NOT NULL,
  `email_verified_at` timestamp NULL DEFAULT NULL,
  `password` varchar(255) COLLATE utf8mb4_unicode_ci NOT NULL,
  `remember_token` varchar(100) COLLATE utf8mb4_unicode_ci DEFAULT NULL,
  `status` int NOT NULL DEFAULT '0',
  `created_at` timestamp NULL DEFAULT NULL,
  `updated_at` timestamp NULL DEFAULT NULL,
  `deleted_at` timestamp NULL DEFAULT NULL,
  PRIMARY KEY (`id`),
  UNIQUE KEY `users_email_unique` (`email`)
) ENGINE=InnoDB AUTO_INCREMENT=44 DEFAULT CHARSET=utf8mb4 COLLATE=utf8mb4_unicode_ci;
/*!40101 SET character_set_client = @saved_cs_client */;

--
-- Dumping data for table `users`
--

LOCK TABLES `users` WRITE;
/*!40000 ALTER TABLE `users` DISABLE KEYS */;
INSERT INTO `users` VALUES (1,'FEO_Admin','admin@feo.lk',0,'[]',NULL,'$2y$10$ryCUje61cXfNXFBv/JoOjOyuwKYaLiF750fwKi6MESP.Jc9uD7ZCS',NULL,1,NULL,NULL,NULL),(2,'Ashani','ashani@feo.lk',2,'[]',NULL,'$2y$10$ryCUje61cXfNXFBv/JoOjOyuwKYaLiF750fwKi6MESP.Jc9uD7ZCS',NULL,1,NULL,'2023-02-23 07:11:53',NULL),(3,'Ishan','ishan@gmail.com',2,'[]',NULL,'$2y$10$zFDBRA0d9ylF8Gb9emg2LeSRhOiv49l1E7VJIY0VQP2srWrlWn8/u',NULL,0,'2022-12-08 05:13:56','2023-03-12 04:38:33',NULL),(4,'Reforest Sri Lanka','info@reforestsrilanka.com',2,'[]',NULL,'$2y$10$KwgUIF.bIbtWiVrHhQ6KOeZcEmNI0uQvcoBVhoh3LwvMTSBFjORrC',NULL,1,'2022-12-08 12:23:02','2022-12-08 12:23:02',NULL),(6,'The Pearl Protectors','thepearlprotectors@gmail.com',2,'[]',NULL,'$2y$10$GQvwHoUgssLp86zZkkrumOMbv8E7TMPW58gD3V60i.5rNMAbDUc.2',NULL,1,'2022-12-10 11:09:35','2022-12-10 11:09:35',NULL),(7,'Environmental Foundation (Guarantee) Limited','mail@efl.lk',2,'[]',NULL,'$2y$10$GG5JAXcU.zH2rYt6p4sy.u5hTl2PNI64VZCrU8dkSIks6vrgRzpm6',NULL,1,'2022-12-10 12:35:35','2022-12-10 12:35:35',NULL),(8,'Sri Lanka Girl Guides Association','nanduniwj@gmail.com',2,'[]',NULL,'$2y$10$TTdDnQZQvj.DTVtK.AdrOOeA5QyWaxZHYPxn/qhroC/.vhu3BQiGi',NULL,1,'2022-12-12 10:03:48','2022-12-12 10:03:48',NULL),(9,'Centre for Environmental Law and Policy (CELP)','celp@law.cmb.ac.lk',2,'[]',NULL,'$2y$10$E1WNcQc73.ZpK1D9DKZQ7OO9EEb9tWNyZn604PXmt4oLzD6pslrkK',NULL,1,'2022-12-12 11:44:02','2022-12-12 11:44:02',NULL),(11,'Lanka Software Foundation','sherazad@opensource.lk',2,'[]',NULL,'$2y$10$.DdWBBNRKAHYo9duqG46Ku2SRVjud5fVxZBEcLTCZj8JygT26fJl.',NULL,1,'2022-12-14 06:06:13','2022-12-14 06:06:13',NULL),(12,'Citizens\' Collective','hello@citizenlk.com',2,'[]',NULL,'$2y$10$.muUWAmaTdW8tRgTZaX0seTc49o2ULy79SebcQGKOFJ9xBdPD822u',NULL,1,'2022-12-14 11:10:45','2022-12-14 11:10:45',NULL),(13,'Blue Resources Trust','admin@blueresource.org',2,'[]',NULL,'$2y$10$H0bzTbue5ZfIJdYFb1hNIOg.SDRae8ZROOtOTVQvUivhJuCRg6NY2',NULL,1,'2022-12-14 13:19:11','2022-12-14 13:19:11',NULL),(14,'Green Building Council of Sri Lanka (GBCSL)','gm.gbcsl@gmail.com',2,'[]',NULL,'$2y$10$YoDBSquygoTBgnouA2455OnOH.NCWLB/PhV6x9jOrmWGF7/f/qQhG',NULL,1,'2022-12-14 13:20:17','2022-12-14 13:20:17',NULL),(15,'Wildlife and Nature Protection Society of Sri Lanka (WNPS)','research@wnpssl.org',2,'[]',NULL,'$2y$10$hQNA3xEtVEU4dX/8cWMIreJsLhBGVwR7mkX3sQGOnyoAfmY2zVFTm',NULL,1,'2022-12-14 13:22:04','2022-12-14 13:22:04',NULL),(16,'Rainforest Protectors of Sri Lanka','rainforestprotectors@gmail.com',2,'[]',NULL,'$2y$10$XSxOLtZtfmlc.DKZXMOylugZhjg89.dKFL7ikniHDVm9SrnsEumVe',NULL,1,'2022-12-14 13:23:03','2022-12-14 13:23:03',NULL),(17,'The Institute for Monitoring and Evaluation','sdaskara@gmail.com',2,'[]',NULL,'$2y$10$VAtjL2YqjTaRQMVAnRCsL.SXOonF19DxbCzeAcA8Kx.OIQFJE8jGy',NULL,1,'2022-12-14 13:23:18','2022-12-14 13:23:18',NULL),(18,'RARE - Rally for Animal Rights & Enviornment','panchali.raredirector@gmail.com',2,'[]',NULL,'$2y$10$ITO7RJbS79frP43jmGAJGuO/CW341684aVhQ.XsigVbRy6Mrn0Y.a',NULL,1,'2022-12-14 13:24:52','2022-12-14 13:24:52',NULL),(19,'Rainforest Protectors Trust','rainforestprotectorstrust@gmail.com',2,'[]',NULL,'$2y$10$AiAPYUhUIvHoejG7LizCpO63bIba.s1ZVch1/WnsOK73WtmrPMGMm',NULL,1,'2022-12-14 13:32:57','2022-12-14 13:32:57',NULL),(20,'Sri Lanka Association of Inbound Tour Operators','maxime.slaitoyouth@gmail.com',2,'[]',NULL,'$2y$10$uyYZYIZW2BK4Uf15Ef3bwOaKIGw3vkL2YcIWt7huHgXmwrVoWrJDe',NULL,1,'2023-01-06 03:36:42','2023-01-06 03:36:42',NULL),(21,'Human Development Foundation of Sri Lanka','hdfofsl@gmail.com',2,'[]',NULL,'$2y$10$OyCu2V50ytIKDsvpglK.fe99H9a71K7CAV9ueCYS5HSTfni8A.xbm',NULL,1,'2023-01-06 03:44:46','2023-01-06 03:44:46',NULL),(22,'test org','test1@test.com',2,'[]',NULL,'$2y$10$zNgif9JjWLxpt.EKivDNOOYCSaXPtx4xizEu7Nkf9aogtbQeytwFC',NULL,1,'2023-01-11 04:10:03','2023-01-11 04:10:03',NULL),(23,'Biodiversity Conservation and Research Circle','prakashtgsl@gmail.com',2,'[]',NULL,'$2y$10$jwjCvcS61Lz6noQyfnD3jegGSvbuV/iN8hR2eRUlzauCzw6boYaeO',NULL,1,'2023-01-12 02:49:46','2023-01-12 02:49:46',NULL),(24,'kaveesh','kaveeshcharuka@gmail.com',1,'[]',NULL,'$2y$10$1b0XePKV0rAzC0bLk.SS9OLFgzoZU16I1BwWU3NBctd1IEzHCKTvy',NULL,0,'2023-02-09 13:13:49','2023-03-12 04:38:42',NULL),(25,'ayomi','ayomi@gmail.com',1,'[]',NULL,'$2y$10$3KmQHaz1b2P0S2efKHN0.uV2tcuZ3uobvvLuRV1c/yMPjqHPWOnwK',NULL,1,'2023-02-23 07:15:52','2023-02-23 07:15:52',NULL),(26,'Organization','organization@feo.lk',2,'[]',NULL,'$2y$10$elaNgI/NyqCz7xoMAnGt0eTaCXfHYVPD0NTjtDt0fe8JOLcqZNrGq',NULL,1,'2023-02-23 07:33:22','2023-02-23 07:33:22',NULL),(30,'testadmin','testadmin@testadmin.com',0,'[]',NULL,'$2y$10$KwgUIF.bIbtWiVrHhQ6KOeZcEmNI0uQvcoBVhoh3LwvMTSBFjORrC',NULL,0,'2023-03-01 00:15:04','2023-03-01 16:17:16',NULL),(32,'MACLAN','sam@gmail.com',1,'[]',NULL,'$2y$10$xH5eK996x5PT3BLf46Cm1.WAaZsB7sch4XB6OqSKJI98ZLNoskgfC',NULL,0,'2023-03-07 04:16:06','2023-03-12 04:38:54',NULL),(33,'testPass','testpass@test.com',1,'[]',NULL,'$2y$10$yrdoQGoianC0R9CUJ3DVB.tuMbzFCoyEOh.UWUVcHuRHeFFnZ6yU2',NULL,0,'2023-03-09 10:08:40','2023-03-12 04:38:50',NULL),(34,'Test','alexi.crenin@gmail.com',1,'',NULL,'$2y$10$7ttGWN9ViVBGda0Dhqc.nOSvCXMQrHadURu/Qs5x5n.yRP0NwsGXe',NULL,1,'2023-07-29 14:35:00','2023-07-29 14:35:00',NULL),(35,'Alexi','encyte1@encyte.com',1,'',NULL,'$2y$10$SwOzz6cARE0ikvnYeOscyOrIJW2qOL4RV1cleCDHwQ4z6KMud56Di',NULL,1,'2023-08-01 12:31:53','2023-08-01 12:31:53',NULL),(36,'Test 2','test2@encyteus.com',1,'',NULL,'$2y$10$jtF6b.wLJ1taPoVNESdJzedj4x/4zJpTu6tgepYT2HzrnTqZvVrxK',NULL,1,'2023-08-01 13:02:03','2023-08-01 13:02:03',NULL),(37,'test3','test3@encyteus.com',1,'',NULL,'$2y$10$Q0DsuCfhe264VFbIoIOr4.8vyTiIzSPkWhqiLI1fYlpVQNH2htsgG',NULL,3,'2023-08-01 13:48:05','2023-08-01 13:48:05',NULL),(38,'test3','test4@encyteus.com',1,'',NULL,'$2y$10$2cOEPMvI8HLd6OzuFXoG9O3ZwUKYu.jOhreHEPYPKVLidcXo4LCRy',NULL,3,'2023-08-01 13:48:32','2023-08-01 13:48:32',NULL),(39,'test3','test5@encyteus.com',1,'',NULL,'$2y$10$ynAszx8cJ95mHzd4icQy4.qSwOuDipQGvpDZVpGyESfzwgbcMViYW',NULL,3,'2023-08-01 13:50:22','2023-08-01 13:50:22',NULL),(40,'Test6','test6@encyteus.com',1,'',NULL,'$2y$10$2K.8H2xqCnd5rD4.SP3IleuqW74gb9zmM/cbva8TDNr/3bCDm7crG',NULL,3,'2023-08-01 14:04:55','2023-08-01 14:04:55',NULL),(41,'test76','test7@encyte.com',1,'',NULL,'$2y$10$0xjiFia69sG8D0JMqiQ3BOMUUpTjArjUtF3mufEnengkS/pq761Nu',NULL,3,'2023-08-01 14:20:07','2023-08-01 14:20:07',NULL),(42,'Test3','test3@encyte.com',1,'',NULL,'$2y$10$ul/0FyszT.kYM.MKxi4THO2HaNeY4d32IBDylnn.l8n54W6CXk69a',NULL,3,'2023-08-03 07:27:05','2023-08-03 07:27:05',NULL),(43,'Enc1','enc1@encyte.com',2,'',NULL,'$2y$10$vj8kVBYd/dMtRWVu6pFyKOb4z5hz9Has/T5aNsLzJBgqanNWky67u',NULL,1,'2023-08-04 15:09:39','2023-08-04 15:09:39',NULL);
/*!40000 ALTER TABLE `users` ENABLE KEYS */;
UNLOCK TABLES;
/*!40103 SET TIME_ZONE=@OLD_TIME_ZONE */;

/*!40101 SET SQL_MODE=@OLD_SQL_MODE */;
/*!40014 SET FOREIGN_KEY_CHECKS=@OLD_FOREIGN_KEY_CHECKS */;
/*!40014 SET UNIQUE_CHECKS=@OLD_UNIQUE_CHECKS */;
/*!40101 SET CHARACTER_SET_CLIENT=@OLD_CHARACTER_SET_CLIENT */;
/*!40101 SET CHARACTER_SET_RESULTS=@OLD_CHARACTER_SET_RESULTS */;
/*!40101 SET COLLATION_CONNECTION=@OLD_COLLATION_CONNECTION */;
/*!40111 SET SQL_NOTES=@OLD_SQL_NOTES */;

-- Dump completed on 2023-08-07 13:52:47
